site_id,site_name,location_type,latitude,longitude,parameter,Parameter_name,start_date,end_date,ratified_to,zone,agglomeration,local_authority
ANG5,Anglesey Brynteg,Rural Industrial,53.307155,-4.274216,PM10,Particulates < 10um (hourly measured),2007-08-01,2022-12-31,2022-12-31,North Wales,NA_character_,Isle of Anglesey
ANG5,Anglesey Brynteg,Rural Industrial,53.307155,-4.274216,PM2.5,Particulates < 2.5um (hourly measured),2007-08-01,2022-12-31,2022-12-31,North Wales,NA_character_,Isle of Anglesey
ANG5,Anglesey Brynteg,Rural Industrial,53.307155,-4.274216,PM1,Particulates < 1um (hourly measured),2007-08-01,2022-12-31,2022-12-31,North Wales,NA_character_,Isle of Anglesey
ANG5,Anglesey Brynteg,Rural Industrial,53.307155,-4.274216,TSP,Total Suspended Particulate,2007-08-01,2022-12-31,2022-12-31,North Wales,NA_character_,Isle of Anglesey
ANG5,Anglesey Brynteg,Rural Industrial,53.307155,-4.274216,wd,Modelled Wind Direction,2010-08-01,2022-12-31,Never,North Wales,NA_character_,Isle of Anglesey
ANG5,Anglesey Brynteg,Rural Industrial,53.307155,-4.274216,ws,Modelled Wind Speed,2010-08-01,2022-12-31,Never,North Wales,NA_character_,Isle of Anglesey
ANG5,Anglesey Brynteg,Rural Industrial,53.307155,-4.274216,temp,Modelled Temperature,2010-08-01,2022-12-31,Never,North Wales,NA_character_,Isle of Anglesey
ANG4,Anglesey Coastal Park,Urban Industrial,53.301849,-4.591933,SO2,Sulphur dioxide,2007-06-29,2008-11-27,2008-11-27,North Wales,NA_character_,Isle of Anglesey
AN10,Anglesey Felin Cafnan,Rural Background,53.410479,-4.493642,PM10,Particulates < 10um (hourly measured),2015-12-16,2019-04-29,2019-04-29,North Wales,NA_character_,Isle of Anglesey
AN10,Anglesey Felin Cafnan,Rural Background,53.410479,-4.493642,PM2.5,Particulates < 2.5um (hourly measured),2015-12-16,2019-04-29,2019-04-29,North Wales,NA_character_,Isle of Anglesey
AN10,Anglesey Felin Cafnan,Rural Background,53.410479,-4.493642,PM1,Particulates < 1um (hourly measured),2015-12-16,2019-04-29,2019-04-29,North Wales,NA_character_,Isle of Anglesey
AN10,Anglesey Felin Cafnan,Rural Background,53.410479,-4.493642,TSP,Total Suspended Particulate,2015-12-16,2019-04-29,2019-04-29,North Wales,NA_character_,Isle of Anglesey
ANG6,Anglesey Holyhead,unknown unknown,53.308628,-4.632577,SO2,Sulphur dioxide,2009-05-08,2010-05-11,2010-05-11,North Wales,NA_character_,Isle of Anglesey
ANG2,Anglesey Llynfaes,Rural Industrial,53.290642,-4.406563,PM10,Particulates < 10um (hourly measured),2004-04-06,2022-03-16,2022-03-16,North Wales,NA_character_,Isle of Anglesey
ANG2,Anglesey Llynfaes,Rural Industrial,53.290642,-4.406563,PM2.5,Particulates < 2.5um (hourly measured),2004-04-06,2022-03-16,2022-03-16,North Wales,NA_character_,Isle of Anglesey
ANG2,Anglesey Llynfaes,Rural Industrial,53.290642,-4.406563,PM1,Particulates < 1um (hourly measured),2004-04-06,2022-03-16,2022-03-16,North Wales,NA_character_,Isle of Anglesey
ANG2,Anglesey Llynfaes,Rural Industrial,53.290642,-4.406563,TSP,Total Suspended Particulate,2004-04-06,2022-03-16,2022-03-16,North Wales,NA_character_,Isle of Anglesey
ANG2,Anglesey Llynfaes,Rural Industrial,53.290642,-4.406563,wd,Modelled Wind Direction,2010-08-01,2022-03-16,Never,North Wales,NA_character_,Isle of Anglesey
ANG2,Anglesey Llynfaes,Rural Industrial,53.290642,-4.406563,ws,Modelled Wind Speed,2010-08-01,2022-03-16,Never,North Wales,NA_character_,Isle of Anglesey
ANG2,Anglesey Llynfaes,Rural Industrial,53.290642,-4.406563,temp,Modelled Temperature,2010-08-01,2022-03-16,Never,North Wales,NA_character_,Isle of Anglesey
ANG7,Anglesey Penhesgyn,Rural Background,53.244542,-4.200089,PM10,Particulates < 10um (hourly measured),2011-10-07,2012-11-01,2012-11-01,North Wales,NA_character_,Isle of Anglesey
ANG7,Anglesey Penhesgyn,Rural Background,53.244542,-4.200089,PM2.5,Particulates < 2.5um (hourly measured),2011-10-07,2012-11-01,2012-11-01,North Wales,NA_character_,Isle of Anglesey
ANG7,Anglesey Penhesgyn,Rural Background,53.244542,-4.200089,PM1,Particulates < 1um (hourly measured),2011-10-07,2012-11-01,2012-11-01,North Wales,NA_character_,Isle of Anglesey
ANG7,Anglesey Penhesgyn,Rural Background,53.244542,-4.200089,TSP,Total Suspended Particulate,2011-10-07,2012-11-01,2012-11-01,North Wales,NA_character_,Isle of Anglesey
ANG7,Anglesey Penhesgyn,Rural Background,53.244542,-4.200089,wd,Modelled Wind Direction,2011-10-07,2012-11-01,Never,North Wales,NA_character_,Isle of Anglesey
ANG7,Anglesey Penhesgyn,Rural Background,53.244542,-4.200089,ws,Modelled Wind Speed,2011-10-07,2012-11-01,Never,North Wales,NA_character_,Isle of Anglesey
ANG7,Anglesey Penhesgyn,Rural Background,53.244542,-4.200089,temp,Modelled Temperature,2011-10-07,2012-11-01,Never,North Wales,NA_character_,Isle of Anglesey
ANG9,Anglesey Penhesgyn 2,Rural Background,53.24528,-4.199496,PM10,Particulates < 10um (hourly measured),2014-01-14,2016-08-05,2016-08-05,North Wales,NA_character_,Isle of Anglesey
ANG9,Anglesey Penhesgyn 2,Rural Background,53.24528,-4.199496,PM2.5,Particulates < 2.5um (hourly measured),2014-01-14,2016-08-05,2016-08-05,North Wales,NA_character_,Isle of Anglesey
ANG9,Anglesey Penhesgyn 2,Rural Background,53.24528,-4.199496,PM1,Particulates < 1um (hourly measured),2014-01-14,2016-08-05,2016-08-05,North Wales,NA_character_,Isle of Anglesey
ANG9,Anglesey Penhesgyn 2,Rural Background,53.24528,-4.199496,TSP,Total Suspended Particulate,2014-01-14,2016-08-05,2016-08-05,North Wales,NA_character_,Isle of Anglesey
ANG11,Anglesey Penhesgyn 3,Rural Industrial,53.24528,-4.199496,PM10,Particulates < 10um (hourly measured),2017-11-13,2022-04-03,2022-06-23,North Wales,NA_character_,Isle of Anglesey
ANG11,Anglesey Penhesgyn 3,Rural Industrial,53.24528,-4.199496,PM2.5,Particulates < 2.5um (hourly measured),2017-11-13,2022-04-03,2022-06-23,North Wales,NA_character_,Isle of Anglesey
ANG11,Anglesey Penhesgyn 3,Rural Industrial,53.24528,-4.199496,PM1,Particulates < 1um (hourly measured),2017-11-13,2022-04-03,2022-06-23,North Wales,NA_character_,Isle of Anglesey
ANG11,Anglesey Penhesgyn 3,Rural Industrial,53.24528,-4.199496,TSP,Total Suspended Particulate,2017-11-13,2022-04-03,2022-06-23,North Wales,NA_character_,Isle of Anglesey
ANG11,Anglesey Penhesgyn 3,Rural Industrial,53.24528,-4.199496,wd,Modelled Wind Direction,2017-11-13,2022-04-03,Never,North Wales,NA_character_,Isle of Anglesey
ANG11,Anglesey Penhesgyn 3,Rural Industrial,53.24528,-4.199496,ws,Modelled Wind Speed,2017-11-13,2022-04-03,Never,North Wales,NA_character_,Isle of Anglesey
ANG11,Anglesey Penhesgyn 3,Rural Industrial,53.24528,-4.199496,temp,Modelled Temperature,2017-11-13,2022-04-03,Never,North Wales,NA_character_,Isle of Anglesey
ANG1,Anglesey Penlon,Rural Background,53.159902,-4.345197,PM10,Particulates < 10um (hourly measured),2003-03-04,2007-04-11,2007-04-11,North Wales,NA_character_,Isle of Anglesey
ANG1,Anglesey Penlon,Rural Background,53.159902,-4.345197,PM2.5,Particulates < 2.5um (hourly measured),2003-03-04,2007-04-11,2007-04-11,North Wales,NA_character_,Isle of Anglesey
ANG1,Anglesey Penlon,Rural Background,53.159902,-4.345197,PM1,Particulates < 1um (hourly measured),2003-03-04,2007-04-11,2007-04-11,North Wales,NA_character_,Isle of Anglesey
ANG1,Anglesey Penlon,Rural Background,53.159902,-4.345197,TSP,Total Suspended Particulate,2003-03-04,2007-04-11,2007-04-11,North Wales,NA_character_,Isle of Anglesey
ANG8,Anglesey Wylfa,Rural Background,53.410829,-4.475976,PM10,Particulates < 10um (hourly measured),2013-01-27,2014-01-13,2014-01-13,North Wales,NA_character_,Isle of Anglesey
ANG8,Anglesey Wylfa,Rural Background,53.410829,-4.475976,PM2.5,Particulates < 2.5um (hourly measured),2013-01-27,2014-01-13,2014-01-13,North Wales,NA_character_,Isle of Anglesey
ANG8,Anglesey Wylfa,Rural Background,53.410829,-4.475976,PM1,Particulates < 1um (hourly measured),2013-01-27,2014-01-13,2014-01-13,North Wales,NA_character_,Isle of Anglesey
ANG8,Anglesey Wylfa,Rural Background,53.410829,-4.475976,TSP,Total Suspended Particulate,2013-01-27,2014-01-13,2014-01-13,North Wales,NA_character_,Isle of Anglesey
ANG8,Anglesey Wylfa,Rural Background,53.410829,-4.475976,wd,Modelled Wind Direction,2013-01-27,2014-01-13,Never,North Wales,NA_character_,Isle of Anglesey
ANG8,Anglesey Wylfa,Rural Background,53.410829,-4.475976,ws,Modelled Wind Speed,2013-01-27,2014-01-13,Never,North Wales,NA_character_,Isle of Anglesey
ANG8,Anglesey Wylfa,Rural Background,53.410829,-4.475976,temp,Modelled Temperature,2013-01-27,2014-01-13,Never,North Wales,NA_character_,Isle of Anglesey
AH,Aston Hill,Rural Background,52.50385,-3.034178,O3,Ozone,1986-06-26,ongoing,2024-03-31,North Wales,NA_character_,Powys
AH,Aston Hill,Rural Background,52.50385,-3.034178,NO,Nitric Oxide,2003-10-21,ongoing,2024-03-31,North Wales,NA_character_,Powys
AH,Aston Hill,Rural Background,52.50385,-3.034178,NO2,Nitrogen dioxide,2003-10-21,ongoing,2024-03-31,North Wales,NA_character_,Powys
AH,Aston Hill,Rural Background,52.50385,-3.034178,NOXasNO2,Nitrogen oxides as nitrogen dioxide,2003-10-21,ongoing,2024-03-31,North Wales,NA_character_,Powys
AH,Aston Hill,Rural Background,52.50385,-3.034178,wd,Modelled Wind Direction,2010-08-01,ongoing,Never,North Wales,NA_character_,Powys
AH,Aston Hill,Rural Background,52.50385,-3.034178,ws,Modelled Wind Speed,2010-08-01,ongoing,Never,North Wales,NA_character_,Powys
AH,Aston Hill,Rural Background,52.50385,-3.034178,temp,Modelled Temperature,2010-08-01,ongoing,Never,North Wales,NA_character_,Powys
NPTC-001,Baglan,unknown unknown,51.61828,-3.808355,ETHANE,ethane,2002-01-04,2002-12-30,Never,South Wales,Swansea Urban Area,Neath Port Talbot
NPTC-001,Baglan,unknown unknown,51.61828,-3.808355,ETHENE,ethene,2002-01-04,2002-12-30,Never,South Wales,Swansea Urban Area,Neath Port Talbot
NPTC-001,Baglan,unknown unknown,51.61828,-3.808355,ETHYNE,ethyne,2002-01-04,2002-12-30,Never,South Wales,Swansea Urban Area,Neath Port Talbot
NPTC-001,Baglan,unknown unknown,51.61828,-3.808355,PROPANE,propane,2002-01-04,2002-12-30,Never,South Wales,Swansea Urban Area,Neath Port Talbot
NPTC-001,Baglan,unknown unknown,51.61828,-3.808355,PROPENE,propene,2002-01-04,2002-12-30,Never,South Wales,Swansea Urban Area,Neath Port Talbot
NPTC-001,Baglan,unknown unknown,51.61828,-3.808355,iBUTANE,iso-butane,2002-01-04,2002-12-30,Never,South Wales,Swansea Urban Area,Neath Port Talbot
NPTC-001,Baglan,unknown unknown,51.61828,-3.808355,nBUTANE,n-butane,2002-01-04,2002-12-30,Never,South Wales,Swansea Urban Area,Neath Port Talbot
NPTC-001,Baglan,unknown unknown,51.61828,-3.808355,1BUTENE,1-butene,2002-01-04,2002-12-30,Never,South Wales,Swansea Urban Area,Neath Port Talbot
NPTC-001,Baglan,unknown unknown,51.61828,-3.808355,t2BUTENE,trans-2-butene,2002-01-04,2002-12-30,Never,South Wales,Swansea Urban Area,Neath Port Talbot
NPTC-001,Baglan,unknown unknown,51.61828,-3.808355,c2BUTENE,cis-2-butene,2002-01-04,2002-12-30,Never,South Wales,Swansea Urban Area,Neath Port Talbot
NPTC-001,Baglan,unknown unknown,51.61828,-3.808355,iPENTANE,iso-pentane,2002-01-04,2002-12-30,Never,South Wales,Swansea Urban Area,Neath Port Talbot
NPTC-001,Baglan,unknown unknown,51.61828,-3.808355,nPENTANE,n-pentane,2002-01-04,2002-12-30,Never,South Wales,Swansea Urban Area,Neath Port Talbot
NPTC-001,Baglan,unknown unknown,51.61828,-3.808355,13BDIENE,"1,3-Butadiene",2002-01-04,2002-12-30,Never,South Wales,Swansea Urban Area,Neath Port Talbot
NPTC-001,Baglan,unknown unknown,51.61828,-3.808355,t2PENTEN,trans-2-pentene,2002-01-04,2002-12-30,Never,South Wales,Swansea Urban Area,Neath Port Talbot
NPTC-001,Baglan,unknown unknown,51.61828,-3.808355,c2PENTEN,cis-2-pentene,2002-01-04,2002-12-30,Never,South Wales,Swansea Urban Area,Neath Port Talbot
NPTC-001,Baglan,unknown unknown,51.61828,-3.808355,2MEPENT,2-methylpentane,2002-01-04,2002-12-30,Never,South Wales,Swansea Urban Area,Neath Port Talbot
NPTC-001,Baglan,unknown unknown,51.61828,-3.808355,3MEPENT,3-methylpentane,2002-01-04,2002-12-30,Never,South Wales,Swansea Urban Area,Neath Port Talbot
NPTC-001,Baglan,unknown unknown,51.61828,-3.808355,ISOPRENE,isoprene,2002-01-04,2002-12-30,Never,South Wales,Swansea Urban Area,Neath Port Talbot
NPTC-001,Baglan,unknown unknown,51.61828,-3.808355,nHEXANE,n-hexane,2002-01-04,2002-12-30,Never,South Wales,Swansea Urban Area,Neath Port Talbot
NPTC-001,Baglan,unknown unknown,51.61828,-3.808355,nHEPTANE,n-heptane,2002-01-04,2002-12-30,Never,South Wales,Swansea Urban Area,Neath Port Talbot
NPTC-001,Baglan,unknown unknown,51.61828,-3.808355,BENZENE,Benzene,2002-01-04,2002-12-30,Never,South Wales,Swansea Urban Area,Neath Port Talbot
NPTC-001,Baglan,unknown unknown,51.61828,-3.808355,TOLUENE,Toluene,2002-01-04,2002-12-30,Never,South Wales,Swansea Urban Area,Neath Port Talbot
NPTC-001,Baglan,unknown unknown,51.61828,-3.808355,ETHBENZ,Ethyl Benzene,2002-01-04,2002-12-30,Never,South Wales,Swansea Urban Area,Neath Port Talbot
NPTC-001,Baglan,unknown unknown,51.61828,-3.808355,mpXYLENE,mp-Xylene,2002-01-04,2002-12-30,Never,South Wales,Swansea Urban Area,Neath Port Talbot
NPTC-001,Baglan,unknown unknown,51.61828,-3.808355,oXYLENE,o-Xylene,2002-01-04,2002-12-30,Never,South Wales,Swansea Urban Area,Neath Port Talbot
NPTC-001,Baglan,unknown unknown,51.61828,-3.808355,124TMB,"1,2,4-trimethylbenzene",2002-01-04,2002-12-30,Never,South Wales,Swansea Urban Area,Neath Port Talbot
NPTC-001,Baglan,unknown unknown,51.61828,-3.808355,135TMB,"1,3,5-trimethylbenzene",2002-01-04,2002-12-30,Never,South Wales,Swansea Urban Area,Neath Port Talbot
BECR,Bridgend Ewenny Cross Roundabout,Urban Traffic,51.495407,-3.577778,NO,Nitric Oxide,2011-02-01,2011-12-31,2011-12-31,South Wales,NA_character_,Bridgend
BECR,Bridgend Ewenny Cross Roundabout,Urban Traffic,51.495407,-3.577778,NO2,Nitrogen dioxide,2011-02-01,2011-12-31,2011-12-31,South Wales,NA_character_,Bridgend
BECR,Bridgend Ewenny Cross Roundabout,Urban Traffic,51.495407,-3.577778,NOXasNO2,Nitrogen oxides as nitrogen dioxide,2011-02-01,2011-12-31,2011-12-31,South Wales,NA_character_,Bridgend
BECR,Bridgend Ewenny Cross Roundabout,Urban Traffic,51.495407,-3.577778,PM10,Particulates < 10um (hourly measured),2011-02-01,2011-12-31,2011-12-31,South Wales,NA_character_,Bridgend
BECR,Bridgend Ewenny Cross Roundabout,Urban Traffic,51.495407,-3.577778,wd,Modelled Wind Direction,2011-02-01,2011-12-31,Never,South Wales,NA_character_,Bridgend
BECR,Bridgend Ewenny Cross Roundabout,Urban Traffic,51.495407,-3.577778,ws,Modelled Wind Speed,2011-02-01,2011-12-31,Never,South Wales,NA_character_,Bridgend
BECR,Bridgend Ewenny Cross Roundabout,Urban Traffic,51.495407,-3.577778,temp,Modelled Temperature,2011-02-01,2011-12-31,Never,South Wales,NA_character_,Bridgend
BEPS1,Bridgend Park Street,Urban Traffic,51.505534,-3.585733,NO,Nitric Oxide,2020-12-21,ongoing,2023-12-31,South Wales,NA_character_,Bridgend
BEPS1,Bridgend Park Street,Urban Traffic,51.505534,-3.585733,NO2,Nitrogen dioxide,2020-12-21,ongoing,2023-12-31,South Wales,NA_character_,Bridgend
BEPS1,Bridgend Park Street,Urban Traffic,51.505534,-3.585733,NOXasNO2,Nitrogen oxides as nitrogen dioxide,2020-12-21,ongoing,2023-12-31,South Wales,NA_character_,Bridgend
BEPS1,Bridgend Park Street,Urban Traffic,51.505534,-3.585733,PM10,Particulates < 10um (hourly measured),2020-12-21,ongoing,2023-12-31,South Wales,NA_character_,Bridgend
BEPS1,Bridgend Park Street,Urban Traffic,51.505534,-3.585733,wd,Modelled Wind Direction,2020-12-21,ongoing,Never,South Wales,NA_character_,Bridgend
BEPS1,Bridgend Park Street,Urban Traffic,51.505534,-3.585733,ws,Modelled Wind Speed,2020-12-21,ongoing,Never,South Wales,NA_character_,Bridgend
BEPS1,Bridgend Park Street,Urban Traffic,51.505534,-3.585733,temp,Modelled Temperature,2020-12-21,ongoing,Never,South Wales,NA_character_,Bridgend
CAER,Caerphilly,Urban Background,51.575433,-3.227965,O3,Ozone,2004-03-11,2004-06-09,2004-06-09,South Wales,NA_character_,Caerphilly
CAER,Caerphilly,Urban Background,51.575433,-3.227965,NO,Nitric Oxide,2004-03-11,2004-06-09,2004-06-09,South Wales,NA_character_,Caerphilly
CAER,Caerphilly,Urban Background,51.575433,-3.227965,NO2,Nitrogen dioxide,2004-03-11,2004-06-09,2004-06-09,South Wales,NA_character_,Caerphilly
CAER,Caerphilly,Urban Background,51.575433,-3.227965,NOXasNO2,Nitrogen oxides as nitrogen dioxide,2004-03-11,2004-06-09,2004-06-09,South Wales,NA_character_,Caerphilly
CAE5,Caerphilly Blackwood High Street,Urban Traffic,51.666667,-3.194919,NO,Nitric Oxide,2009-01-14,ongoing,2023-12-31,South Wales,NA_character_,Caerphilly
CAE5,Caerphilly Blackwood High Street,Urban Traffic,51.666667,-3.194919,NO2,Nitrogen dioxide,2009-01-14,ongoing,2023-12-31,South Wales,NA_character_,Caerphilly
CAE5,Caerphilly Blackwood High Street,Urban Traffic,51.666667,-3.194919,NOXasNO2,Nitrogen oxides as nitrogen dioxide,2009-01-14,ongoing,2023-12-31,South Wales,NA_character_,Caerphilly
CAE5,Caerphilly Blackwood High Street,Urban Traffic,51.666667,-3.194919,PM10,Particulates < 10um (hourly measured),2009-01-14,ongoing,2023-12-31,South Wales,NA_character_,Caerphilly
CAE5,Caerphilly Blackwood High Street,Urban Traffic,51.666667,-3.194919,wd,Modelled Wind Direction,2010-08-01,ongoing,Never,South Wales,NA_character_,Caerphilly
CAE5,Caerphilly Blackwood High Street,Urban Traffic,51.666667,-3.194919,ws,Modelled Wind Speed,2010-08-01,ongoing,Never,South Wales,NA_character_,Caerphilly
CAE5,Caerphilly Blackwood High Street,Urban Traffic,51.666667,-3.194919,temp,Modelled Temperature,2010-08-01,ongoing,Never,South Wales,NA_character_,Caerphilly
CAE8,Caerphilly Fochriw,Urban Traffic,51.745386,-3.293822,PM10,Particulates < 10um (hourly measured),2012-05-04,ongoing,2023-12-31,South Wales,NA_character_,Caerphilly
CAE8,Caerphilly Fochriw,Urban Traffic,51.745386,-3.293822,PM2.5,Particulates < 2.5um (hourly measured),2012-05-04,ongoing,2023-12-31,South Wales,NA_character_,Caerphilly
CAE8,Caerphilly Fochriw,Urban Traffic,51.745386,-3.293822,wd,Modelled Wind Direction,2012-05-04,ongoing,Never,South Wales,NA_character_,Caerphilly
CAE8,Caerphilly Fochriw,Urban Traffic,51.745386,-3.293822,ws,Modelled Wind Speed,2012-05-04,ongoing,Never,South Wales,NA_character_,Caerphilly
CAE8,Caerphilly Fochriw,Urban Traffic,51.745386,-3.293822,temp,Modelled Temperature,2012-05-04,ongoing,Never,South Wales,NA_character_,Caerphilly
CAE10,Caerphilly Islwyn Road Wattsville,Urban Traffic,51.616057,-3.147261,NO,Nitric Oxide,2017-05-15,ongoing,2023-12-31,South Wales,NA_character_,Caerphilly
CAE10,Caerphilly Islwyn Road Wattsville,Urban Traffic,51.616057,-3.147261,NO2,Nitrogen dioxide,2017-05-15,ongoing,2023-12-31,South Wales,NA_character_,Caerphilly
CAE10,Caerphilly Islwyn Road Wattsville,Urban Traffic,51.616057,-3.147261,NOXasNO2,Nitrogen oxides as nitrogen dioxide,2017-05-15,ongoing,2023-12-31,South Wales,NA_character_,Caerphilly
CAE10,Caerphilly Islwyn Road Wattsville,Urban Traffic,51.616057,-3.147261,wd,Modelled Wind Direction,2017-05-15,ongoing,Never,South Wales,NA_character_,Caerphilly
CAE10,Caerphilly Islwyn Road Wattsville,Urban Traffic,51.616057,-3.147261,ws,Modelled Wind Speed,2017-05-15,ongoing,Never,South Wales,NA_character_,Caerphilly
CAE10,Caerphilly Islwyn Road Wattsville,Urban Traffic,51.616057,-3.147261,temp,Modelled Temperature,2017-05-15,ongoing,Never,South Wales,NA_character_,Caerphilly
CAE2,Caerphilly Ton-y-Felin Roadside,Urban Traffic,51.575433,-3.227965,O3,Ozone,2004-07-14,2006-05-04,2006-05-04,South Wales,NA_character_,Caerphilly
CAE2,Caerphilly Ton-y-Felin Roadside,Urban Traffic,51.575433,-3.227965,NO,Nitric Oxide,2004-07-14,2006-05-04,2006-05-04,South Wales,NA_character_,Caerphilly
CAE2,Caerphilly Ton-y-Felin Roadside,Urban Traffic,51.575433,-3.227965,NO2,Nitrogen dioxide,2004-07-14,2006-05-04,2006-05-04,South Wales,NA_character_,Caerphilly
CAE2,Caerphilly Ton-y-Felin Roadside,Urban Traffic,51.575433,-3.227965,NOXasNO2,Nitrogen oxides as nitrogen dioxide,2004-07-14,2006-05-04,2006-05-04,South Wales,NA_character_,Caerphilly
CAE2,Caerphilly Ton-y-Felin Roadside,Urban Traffic,51.575433,-3.227965,PM10,Particulates < 10um (hourly measured),2004-07-14,2006-05-04,2006-04-30,South Wales,NA_character_,Caerphilly
CAE3,Caerphilly Town Centre,Urban Traffic,51.575433,-3.227965,O3,Ozone,2007-05-01,2007-11-18,2007-11-18,South Wales,NA_character_,Caerphilly
CAE3,Caerphilly Town Centre,Urban Traffic,51.575433,-3.227965,NO,Nitric Oxide,2007-05-01,2007-11-18,2007-11-18,South Wales,NA_character_,Caerphilly
CAE3,Caerphilly Town Centre,Urban Traffic,51.575433,-3.227965,NO2,Nitrogen dioxide,2007-05-01,2007-11-18,2007-11-18,South Wales,NA_character_,Caerphilly
CAE3,Caerphilly Town Centre,Urban Traffic,51.575433,-3.227965,NOXasNO2,Nitrogen oxides as nitrogen dioxide,2007-05-01,2007-11-18,2007-11-18,South Wales,NA_character_,Caerphilly
CAE3,Caerphilly Town Centre,Urban Traffic,51.575433,-3.227965,PM10,Particulates < 10um (hourly measured),2007-05-01,2007-11-18,2007-11-18,South Wales,NA_character_,Caerphilly
CAE4,Caerphilly White Street,Urban Traffic,51.573962,-3.218084,NO,Nitric Oxide,2007-11-19,ongoing,2023-12-31,South Wales,NA_character_,Caerphilly
CAE4,Caerphilly White Street,Urban Traffic,51.573962,-3.218084,NO2,Nitrogen dioxide,2007-11-19,ongoing,2023-12-31,South Wales,NA_character_,Caerphilly
CAE4,Caerphilly White Street,Urban Traffic,51.573962,-3.218084,NOXasNO2,Nitrogen oxides as nitrogen dioxide,2007-11-19,ongoing,2023-12-31,South Wales,NA_character_,Caerphilly
CAE4,Caerphilly White Street,Urban Traffic,51.573962,-3.218084,PM10,Particulates < 10um (hourly measured),2007-11-19,ongoing,2023-12-31,South Wales,NA_character_,Caerphilly
CAE4,Caerphilly White Street,Urban Traffic,51.573962,-3.218084,wd,Modelled Wind Direction,2010-08-01,ongoing,Never,South Wales,NA_character_,Caerphilly
CAE4,Caerphilly White Street,Urban Traffic,51.573962,-3.218084,ws,Modelled Wind Speed,2010-08-01,ongoing,Never,South Wales,NA_character_,Caerphilly
CAE4,Caerphilly White Street,Urban Traffic,51.573962,-3.218084,temp,Modelled Temperature,2010-08-01,ongoing,Never,South Wales,NA_character_,Caerphilly
CAR3,Cardiff Briardene,Urban Traffic,51.502222,-3.19659,O3,Ozone,1998-01-01,2008-05-16,2008-05-16,South Wales,Cardiff Urban Area,Cardiff
CAR3,Cardiff Briardene,Urban Traffic,51.502222,-3.19659,NO,Nitric Oxide,1998-01-01,2008-05-16,2008-05-16,South Wales,Cardiff Urban Area,Cardiff
CAR3,Cardiff Briardene,Urban Traffic,51.502222,-3.19659,NO2,Nitrogen dioxide,1998-01-01,2008-05-16,2008-05-16,South Wales,Cardiff Urban Area,Cardiff
CAR3,Cardiff Briardene,Urban Traffic,51.502222,-3.19659,NOXasNO2,Nitrogen oxides as nitrogen dioxide,1998-01-01,2008-05-16,2008-05-16,South Wales,Cardiff Urban Area,Cardiff
CAR3,Cardiff Briardene,Urban Traffic,51.502222,-3.19659,SO2,Sulphur dioxide,1998-01-01,2008-05-16,2008-05-16,South Wales,Cardiff Urban Area,Cardiff
CAR3,Cardiff Briardene,Urban Traffic,51.502222,-3.19659,CO,Carbon Monoxide,1998-01-01,2008-05-16,2008-05-16,South Wales,Cardiff Urban Area,Cardiff
CAR3,Cardiff Briardene,Urban Traffic,51.502222,-3.19659,PM10,Particulates < 10um (hourly measured),1998-01-01,2008-05-16,2008-05-16,South Wales,Cardiff Urban Area,Cardiff
CAR04,Cardiff Castle Street,Urban Traffic,51.48113,-3.18143,NO,Nitric Oxide,2020-10-20,ongoing,2023-12-31,South Wales,Cardiff Urban Area,Cardiff
CAR04,Cardiff Castle Street,Urban Traffic,51.48113,-3.18143,NO2,Nitrogen dioxide,2020-10-20,ongoing,2023-12-31,South Wales,Cardiff Urban Area,Cardiff
CAR04,Cardiff Castle Street,Urban Traffic,51.48113,-3.18143,NOXasNO2,Nitrogen oxides as nitrogen dioxide,2020-10-20,ongoing,2023-12-31,South Wales,Cardiff Urban Area,Cardiff
CAR04,Cardiff Castle Street,Urban Traffic,51.48113,-3.18143,PM10,Particulates < 10um (hourly measured),2020-10-20,ongoing,2023-12-31,South Wales,Cardiff Urban Area,Cardiff
CAR04,Cardiff Castle Street,Urban Traffic,51.48113,-3.18143,PM2.5,Particulates < 2.5um (hourly measured),2020-10-20,ongoing,2023-12-31,South Wales,Cardiff Urban Area,Cardiff
CAR04,Cardiff Castle Street,Urban Traffic,51.48113,-3.18143,wd,Modelled Wind Direction,2020-10-20,ongoing,Never,South Wales,Cardiff Urban Area,Cardiff
CAR04,Cardiff Castle Street,Urban Traffic,51.48113,-3.18143,ws,Modelled Wind Speed,2020-10-20,ongoing,Never,South Wales,Cardiff Urban Area,Cardiff
CAR04,Cardiff Castle Street,Urban Traffic,51.48113,-3.18143,temp,Modelled Temperature,2020-10-20,ongoing,Never,South Wales,Cardiff Urban Area,Cardiff
CARD,Cardiff Centre,Urban Traffic,51.48178,-3.17625,O3,Ozone,1992-05-12,ongoing,2024-03-31,South Wales,Cardiff Urban Area,Cardiff
CARD,Cardiff Centre,Urban Traffic,51.48178,-3.17625,NO,Nitric Oxide,1992-05-12,ongoing,2024-03-31,South Wales,Cardiff Urban Area,Cardiff
CARD,Cardiff Centre,Urban Traffic,51.48178,-3.17625,NO2,Nitrogen dioxide,1992-05-12,ongoing,2024-03-31,South Wales,Cardiff Urban Area,Cardiff
CARD,Cardiff Centre,Urban Traffic,51.48178,-3.17625,NOXasNO2,Nitrogen oxides as nitrogen dioxide,1992-05-12,ongoing,2024-03-31,South Wales,Cardiff Urban Area,Cardiff
CARD,Cardiff Centre,Urban Traffic,51.48178,-3.17625,SO2,Sulphur dioxide,1992-05-12,ongoing,2024-03-31,South Wales,Cardiff Urban Area,Cardiff
CARD,Cardiff Centre,Urban Traffic,51.48178,-3.17625,CO,Carbon Monoxide,1992-05-12,ongoing,2024-03-31,South Wales,Cardiff Urban Area,Cardiff
CARD,Cardiff Centre,Urban Traffic,51.48178,-3.17625,PM10,Particulates < 10um (hourly measured),1992-05-12,ongoing,2024-03-31,South Wales,Cardiff Urban Area,Cardiff
CARD,Cardiff Centre,Urban Traffic,51.48178,-3.17625,NV10,Non-volatile PM10 (Hourly measured),2006-02-19,2020-09-10,2020-09-10,South Wales,Cardiff Urban Area,Cardiff
CARD,Cardiff Centre,Urban Traffic,51.48178,-3.17625,V10,Volatile PM10 (Hourly measured),2006-02-19,2020-09-10,2020-09-10,South Wales,Cardiff Urban Area,Cardiff
CARD,Cardiff Centre,Urban Traffic,51.48178,-3.17625,PM2.5,Particulates < 2.5um (hourly measured),2008-08-12,ongoing,2024-03-31,South Wales,Cardiff Urban Area,Cardiff
CARD,Cardiff Centre,Urban Traffic,51.48178,-3.17625,NV2.5,Non-volatile PM2.5 (Hourly measured),2008-08-12,2020-09-10,2020-09-10,South Wales,Cardiff Urban Area,Cardiff
CARD,Cardiff Centre,Urban Traffic,51.48178,-3.17625,V2.5,Volatile PM2.5 (Hourly measured),2008-08-12,2020-09-10,2020-09-10,South Wales,Cardiff Urban Area,Cardiff
CARD,Cardiff Centre,Urban Traffic,51.48178,-3.17625,13BDIENE,"1,3-Butadiene",2002-09-05,2007-09-10,2007-09-10,South Wales,Cardiff Urban Area,Cardiff
CARD,Cardiff Centre,Urban Traffic,51.48178,-3.17625,BENZENE,Benzene,2002-09-05,2007-09-10,2007-09-10,South Wales,Cardiff Urban Area,Cardiff
CARD,Cardiff Centre,Urban Traffic,51.48178,-3.17625,TOLUENE,Toluene,2002-09-05,2007-09-10,2007-09-10,South Wales,Cardiff Urban Area,Cardiff
CARD,Cardiff Centre,Urban Traffic,51.48178,-3.17625,ETHBENZ,Ethyl Benzene,2002-09-05,2007-09-10,2007-09-10,South Wales,Cardiff Urban Area,Cardiff
CARD,Cardiff Centre,Urban Traffic,51.48178,-3.17625,mpXYLENE,mp-Xylene,2002-09-05,2007-09-10,2007-09-10,South Wales,Cardiff Urban Area,Cardiff
CARD,Cardiff Centre,Urban Traffic,51.48178,-3.17625,oXYLENE,o-Xylene,2002-09-05,2007-09-10,2007-09-10,South Wales,Cardiff Urban Area,Cardiff
CARD,Cardiff Centre,Urban Traffic,51.48178,-3.17625,wd,Modelled Wind Direction,2010-08-01,ongoing,Never,South Wales,Cardiff Urban Area,Cardiff
CARD,Cardiff Centre,Urban Traffic,51.48178,-3.17625,ws,Modelled Wind Speed,2010-08-01,ongoing,Never,South Wales,Cardiff Urban Area,Cardiff
CARD,Cardiff Centre,Urban Traffic,51.48178,-3.17625,temp,Modelled Temperature,2010-08-01,ongoing,Never,South Wales,Cardiff Urban Area,Cardiff
CAR2,Cardiff East,Urban Background,51.48887,-3.163711,ETHANE,ethane,1994-01-01,2001-12-31,2001-12-31,South Wales,Cardiff Urban Area,Cardiff
CAR2,Cardiff East,Urban Background,51.48887,-3.163711,ETHENE,ethene,1994-01-01,2001-12-31,2001-12-31,South Wales,Cardiff Urban Area,Cardiff
CAR2,Cardiff East,Urban Background,51.48887,-3.163711,ETHYNE,ethyne,1994-01-01,2001-12-31,2001-12-31,South Wales,Cardiff Urban Area,Cardiff
CAR2,Cardiff East,Urban Background,51.48887,-3.163711,PROPANE,propane,1994-01-01,2001-12-31,2001-12-31,South Wales,Cardiff Urban Area,Cardiff
CAR2,Cardiff East,Urban Background,51.48887,-3.163711,PROPENE,propene,1994-01-01,2001-12-31,2001-12-31,South Wales,Cardiff Urban Area,Cardiff
CAR2,Cardiff East,Urban Background,51.48887,-3.163711,iBUTANE,iso-butane,1994-01-01,2001-12-31,2001-12-31,South Wales,Cardiff Urban Area,Cardiff
CAR2,Cardiff East,Urban Background,51.48887,-3.163711,nBUTANE,n-butane,1994-01-01,2001-12-31,2001-12-31,South Wales,Cardiff Urban Area,Cardiff
CAR2,Cardiff East,Urban Background,51.48887,-3.163711,1BUTENE,1-butene,1994-01-01,2001-12-31,2001-12-31,South Wales,Cardiff Urban Area,Cardiff
CAR2,Cardiff East,Urban Background,51.48887,-3.163711,t2BUTENE,trans-2-butene,1994-01-01,2001-12-31,2001-12-31,South Wales,Cardiff Urban Area,Cardiff
CAR2,Cardiff East,Urban Background,51.48887,-3.163711,c2BUTENE,cis-2-butene,1994-01-01,2001-12-31,2001-12-31,South Wales,Cardiff Urban Area,Cardiff
CAR2,Cardiff East,Urban Background,51.48887,-3.163711,iPENTANE,iso-pentane,1994-01-01,2001-12-31,2001-12-31,South Wales,Cardiff Urban Area,Cardiff
CAR2,Cardiff East,Urban Background,51.48887,-3.163711,nPENTANE,n-pentane,1994-01-01,2001-12-31,2001-12-31,South Wales,Cardiff Urban Area,Cardiff
CAR2,Cardiff East,Urban Background,51.48887,-3.163711,13BDIENE,"1,3-Butadiene",1994-01-01,2002-09-05,2002-09-05,South Wales,Cardiff Urban Area,Cardiff
CAR2,Cardiff East,Urban Background,51.48887,-3.163711,t2PENTEN,trans-2-pentene,1994-01-01,2001-12-31,2001-12-31,South Wales,Cardiff Urban Area,Cardiff
CAR2,Cardiff East,Urban Background,51.48887,-3.163711,c2PENTEN,cis-2-pentene,1994-01-01,2001-12-31,2001-12-31,South Wales,Cardiff Urban Area,Cardiff
CAR2,Cardiff East,Urban Background,51.48887,-3.163711,MEPENT,methylpentane,1994-01-01,2001-12-31,2001-12-31,South Wales,Cardiff Urban Area,Cardiff
CAR2,Cardiff East,Urban Background,51.48887,-3.163711,ISOPRENE,isoprene,1994-01-01,2001-12-31,2001-12-31,South Wales,Cardiff Urban Area,Cardiff
CAR2,Cardiff East,Urban Background,51.48887,-3.163711,nHEXANE,n-hexane,1994-01-01,2001-12-31,2001-12-31,South Wales,Cardiff Urban Area,Cardiff
CAR2,Cardiff East,Urban Background,51.48887,-3.163711,nHEPTANE,n-heptane,1994-01-01,2001-12-31,2001-12-31,South Wales,Cardiff Urban Area,Cardiff
CAR2,Cardiff East,Urban Background,51.48887,-3.163711,BENZENE,Benzene,1994-01-01,2002-09-05,2002-09-05,South Wales,Cardiff Urban Area,Cardiff
CAR2,Cardiff East,Urban Background,51.48887,-3.163711,TOLUENE,Toluene,1994-01-01,2002-09-05,2002-09-05,South Wales,Cardiff Urban Area,Cardiff
CAR2,Cardiff East,Urban Background,51.48887,-3.163711,ETHBENZ,Ethyl Benzene,1994-01-01,2002-09-05,2002-09-05,South Wales,Cardiff Urban Area,Cardiff
CAR2,Cardiff East,Urban Background,51.48887,-3.163711,mpXYLENE,mp-Xylene,1994-01-01,2002-09-05,2002-09-05,South Wales,Cardiff Urban Area,Cardiff
CAR2,Cardiff East,Urban Background,51.48887,-3.163711,oXYLENE,o-Xylene,1994-01-01,2002-09-05,2002-09-05,South Wales,Cardiff Urban Area,Cardiff
CNPR,Cardiff Newport Road,Urban Traffic,51.49096,-3.152305,NO,Nitric Oxide,2018-04-01,ongoing,2024-03-31,South Wales,Cardiff Urban Area,Cardiff
CNPR,Cardiff Newport Road,Urban Traffic,51.49096,-3.152305,NO2,Nitrogen dioxide,2018-04-01,ongoing,2024-03-31,South Wales,Cardiff Urban Area,Cardiff
CNPR,Cardiff Newport Road,Urban Traffic,51.49096,-3.152305,NOXasNO2,Nitrogen oxides as nitrogen dioxide,2018-04-01,ongoing,2024-03-31,South Wales,Cardiff Urban Area,Cardiff
CNPR,Cardiff Newport Road,Urban Traffic,51.49096,-3.152305,PM10,Particulates < 10um (hourly measured),2018-04-01,ongoing,2024-03-31,South Wales,Cardiff Urban Area,Cardiff
CNPR,Cardiff Newport Road,Urban Traffic,51.49096,-3.152305,wd,Modelled Wind Direction,2018-04-01,ongoing,Never,South Wales,Cardiff Urban Area,Cardiff
CNPR,Cardiff Newport Road,Urban Traffic,51.49096,-3.152305,ws,Modelled Wind Speed,2018-04-01,ongoing,Never,South Wales,Cardiff Urban Area,Cardiff
CNPR,Cardiff Newport Road,Urban Traffic,51.49096,-3.152305,temp,Modelled Temperature,2018-04-01,ongoing,Never,South Wales,Cardiff Urban Area,Cardiff
CHEP,Chepstow A48,Urban Traffic,51.638094,-2.678731,NO,Nitric Oxide,2004-09-03,ongoing,2024-03-31,South Wales,NA_character_,Monmouthshire
CHEP,Chepstow A48,Urban Traffic,51.638094,-2.678731,NO2,Nitrogen dioxide,2004-09-03,ongoing,2024-03-31,South Wales,NA_character_,Monmouthshire
CHEP,Chepstow A48,Urban Traffic,51.638094,-2.678731,NOXasNO2,Nitrogen oxides as nitrogen dioxide,2004-09-03,ongoing,2024-03-31,South Wales,NA_character_,Monmouthshire
CHEP,Chepstow A48,Urban Traffic,51.638094,-2.678731,PM10,Particulates < 10um (hourly measured),2004-09-03,ongoing,2024-03-31,South Wales,NA_character_,Monmouthshire
CHEP,Chepstow A48,Urban Traffic,51.638094,-2.678731,NV10,Non-volatile PM10 (Hourly measured),2010-02-08,2018-08-09,2018-08-09,South Wales,NA_character_,Monmouthshire
CHEP,Chepstow A48,Urban Traffic,51.638094,-2.678731,V10,Volatile PM10 (Hourly measured),2010-02-08,2018-08-09,2018-08-09,South Wales,NA_character_,Monmouthshire
CHEP,Chepstow A48,Urban Traffic,51.638094,-2.678731,PM2.5,Particulates < 2.5um (hourly measured),2010-02-09,ongoing,2024-03-31,South Wales,NA_character_,Monmouthshire
CHEP,Chepstow A48,Urban Traffic,51.638094,-2.678731,NV2.5,Non-volatile PM2.5 (Hourly measured),2010-02-09,2018-08-09,2018-08-09,South Wales,NA_character_,Monmouthshire
CHEP,Chepstow A48,Urban Traffic,51.638094,-2.678731,V2.5,Volatile PM2.5 (Hourly measured),2010-02-09,2018-08-09,2018-08-09,South Wales,NA_character_,Monmouthshire
CHEP,Chepstow A48,Urban Traffic,51.638094,-2.678731,wd,Modelled Wind Direction,2010-08-01,ongoing,Never,South Wales,NA_character_,Monmouthshire
CHEP,Chepstow A48,Urban Traffic,51.638094,-2.678731,ws,Modelled Wind Speed,2010-08-01,ongoing,Never,South Wales,NA_character_,Monmouthshire
CHEP,Chepstow A48,Urban Traffic,51.638094,-2.678731,temp,Modelled Temperature,2010-08-01,ongoing,Never,South Wales,NA_character_,Monmouthshire
NTH1,Cimla Road / Victoria Gardens,Urban Traffic,51.659617,-3.801693,NO,Nitric Oxide,2012-07-20,ongoing,2023-12-31,South Wales,Swansea Urban Area,Neath Port Talbot
NTH1,Cimla Road / Victoria Gardens,Urban Traffic,51.659617,-3.801693,NO2,Nitrogen dioxide,2012-07-20,ongoing,2023-12-31,South Wales,Swansea Urban Area,Neath Port Talbot
NTH1,Cimla Road / Victoria Gardens,Urban Traffic,51.659617,-3.801693,NOXasNO2,Nitrogen oxides as nitrogen dioxide,2012-07-20,ongoing,2023-12-31,South Wales,Swansea Urban Area,Neath Port Talbot
NTH1,Cimla Road / Victoria Gardens,Urban Traffic,51.659617,-3.801693,wd,Modelled Wind Direction,2012-07-20,ongoing,Never,South Wales,Swansea Urban Area,Neath Port Talbot
NTH1,Cimla Road / Victoria Gardens,Urban Traffic,51.659617,-3.801693,ws,Modelled Wind Speed,2012-07-20,ongoing,Never,South Wales,Swansea Urban Area,Neath Port Talbot
NTH1,Cimla Road / Victoria Gardens,Urban Traffic,51.659617,-3.801693,temp,Modelled Temperature,2012-07-20,ongoing,Never,South Wales,Swansea Urban Area,Neath Port Talbot
CWMB,Cwmbran,Urban Background,51.6538,-3.006953,O3,Ozone,2003-04-29,2020-08-07,2020-08-07,South Wales,NA_character_,Torfaen
CWMB,Cwmbran,Urban Background,51.6538,-3.006953,NO,Nitric Oxide,2001-07-20,2020-08-07,2020-08-07,South Wales,NA_character_,Torfaen
CWMB,Cwmbran,Urban Background,51.6538,-3.006953,NO2,Nitrogen dioxide,2001-07-20,2020-08-07,2020-08-07,South Wales,NA_character_,Torfaen
CWMB,Cwmbran,Urban Background,51.6538,-3.006953,NOXasNO2,Nitrogen oxides as nitrogen dioxide,2001-07-20,2020-08-07,2020-08-07,South Wales,NA_character_,Torfaen
CWMB,Cwmbran,Urban Background,51.6538,-3.006953,SO2,Sulphur dioxide,2001-07-20,2007-09-30,2007-09-30,South Wales,NA_character_,Torfaen
CWMB,Cwmbran,Urban Background,51.6538,-3.006953,CO,Carbon Monoxide,2002-03-12,2007-09-30,2007-09-30,South Wales,NA_character_,Torfaen
CWMB,Cwmbran,Urban Background,51.6538,-3.006953,PM10,Particulates < 10um (hourly measured),2001-07-20,2020-08-07,2020-08-07,South Wales,NA_character_,Torfaen
CWMB,Cwmbran,Urban Background,51.6538,-3.006953,wd,Modelled Wind Direction,2010-08-01,2020-08-07,Never,South Wales,NA_character_,Torfaen
CWMB,Cwmbran,Urban Background,51.6538,-3.006953,ws,Modelled Wind Speed,2010-08-01,2020-08-07,Never,South Wales,NA_character_,Torfaen
CWMB,Cwmbran,Urban Background,51.6538,-3.006953,temp,Modelled Temperature,2010-08-01,2020-08-07,Never,South Wales,NA_character_,Torfaen
CWMC,Cwmbran Crownbridge,Urban Background,51.653819,-3.00637,O3,Ozone,2020-10-01,ongoing,2024-03-31,South Wales,NA_character_,Torfaen
CWMC,Cwmbran Crownbridge,Urban Background,51.653819,-3.00637,NO,Nitric Oxide,2020-10-01,ongoing,2024-03-31,South Wales,NA_character_,Torfaen
CWMC,Cwmbran Crownbridge,Urban Background,51.653819,-3.00637,NO2,Nitrogen dioxide,2020-10-01,ongoing,2024-03-31,South Wales,NA_character_,Torfaen
CWMC,Cwmbran Crownbridge,Urban Background,51.653819,-3.00637,NOXasNO2,Nitrogen oxides as nitrogen dioxide,2020-10-01,ongoing,2024-03-31,South Wales,NA_character_,Torfaen
CWMC,Cwmbran Crownbridge,Urban Background,51.653819,-3.00637,PM10,Particulates < 10um (hourly measured),2020-10-01,ongoing,2023-12-31,South Wales,NA_character_,Torfaen
CWMC,Cwmbran Crownbridge,Urban Background,51.653819,-3.00637,wd,Modelled Wind Direction,2020-10-01,ongoing,Never,South Wales,NA_character_,Torfaen
CWMC,Cwmbran Crownbridge,Urban Background,51.653819,-3.00637,ws,Modelled Wind Speed,2020-10-01,ongoing,Never,South Wales,NA_character_,Torfaen
CWMC,Cwmbran Crownbridge,Urban Background,51.653819,-3.00637,temp,Modelled Temperature,2020-10-01,ongoing,Never,South Wales,NA_character_,Torfaen
FFES,Ffestiniog Railway,unknown unknown,52.924084,-4.126635,SO2,Sulphur dioxide,2011-04-15,2012-01-17,2012-01-17,Unknown,NA_character_,Gwynedd
FFES,Ffestiniog Railway,unknown unknown,52.924084,-4.126635,wd,Modelled Wind Direction,2011-04-15,2012-01-17,Never,Unknown,NA_character_,Gwynedd
FFES,Ffestiniog Railway,unknown unknown,52.924084,-4.126635,ws,Modelled Wind Speed,2011-04-15,2012-01-17,Never,Unknown,NA_character_,Gwynedd
FFES,Ffestiniog Railway,unknown unknown,52.924084,-4.126635,temp,Modelled Temperature,2011-04-15,2012-01-17,Never,Unknown,NA_character_,Gwynedd
FLIN,Flintshire,Urban Traffic,53.197601,-3.039291,NO,Nitric Oxide,2003-03-13,2004-03-16,2004-03-16,North Wales,NA_character_,Flintshire
FLIN,Flintshire,Urban Traffic,53.197601,-3.039291,NO2,Nitrogen dioxide,2003-03-13,2004-03-16,2004-03-16,North Wales,NA_character_,Flintshire
FLIN,Flintshire,Urban Traffic,53.197601,-3.039291,NOXasNO2,Nitrogen oxides as nitrogen dioxide,2003-03-13,2004-03-16,2004-03-16,North Wales,NA_character_,Flintshire
FLIN,Flintshire,Urban Traffic,53.197601,-3.039291,PM10,Particulates < 10um (hourly measured),2003-03-13,2004-03-16,2004-03-16,North Wales,NA_character_,Flintshire
CAEB,Hafod-yr-ynys Hill Roadside,Urban Traffic,51.680494,-3.134325,NO,Nitric Oxide,2023-10-01,ongoing,2024-03-31,South Wales,NA_character_,Caerphilly
CAEB,Hafod-yr-ynys Hill Roadside,Urban Traffic,51.680494,-3.134325,NO2,Nitrogen dioxide,2023-10-01,ongoing,2024-03-31,South Wales,NA_character_,Caerphilly
CAEB,Hafod-yr-ynys Hill Roadside,Urban Traffic,51.680494,-3.134325,NOXasNO2,Nitrogen oxides as nitrogen dioxide,2023-10-01,ongoing,2024-03-31,South Wales,NA_character_,Caerphilly
CAEB,Hafod-yr-ynys Hill Roadside,Urban Traffic,51.680494,-3.134325,wd,Modelled Wind Direction,2023-10-01,ongoing,Never,South Wales,NA_character_,Caerphilly
CAEB,Hafod-yr-ynys Hill Roadside,Urban Traffic,51.680494,-3.134325,ws,Modelled Wind Speed,2023-10-01,ongoing,Never,South Wales,NA_character_,Caerphilly
CAEB,Hafod-yr-ynys Hill Roadside,Urban Traffic,51.680494,-3.134325,temp,Modelled Temperature,2023-10-01,ongoing,Never,South Wales,NA_character_,Caerphilly
CAE6,Hafod-yr-ynys Roadside,Urban Traffic,51.680579,-3.133508,NO,Nitric Oxide,2011-10-01,2023-09-15,2023-09-15,South Wales,NA_character_,Caerphilly
CAE6,Hafod-yr-ynys Roadside,Urban Traffic,51.680579,-3.133508,NO2,Nitrogen dioxide,2011-10-01,2023-09-15,2023-09-15,South Wales,NA_character_,Caerphilly
CAE6,Hafod-yr-ynys Roadside,Urban Traffic,51.680579,-3.133508,NOXasNO2,Nitrogen oxides as nitrogen dioxide,2011-10-01,2023-09-15,2023-09-14,South Wales,NA_character_,Caerphilly
CAE6,Hafod-yr-ynys Roadside,Urban Traffic,51.680579,-3.133508,wd,Modelled Wind Direction,2011-10-01,2023-09-15,Never,South Wales,NA_character_,Caerphilly
CAE6,Hafod-yr-ynys Roadside,Urban Traffic,51.680579,-3.133508,ws,Modelled Wind Speed,2011-10-01,2023-09-15,Never,South Wales,NA_character_,Caerphilly
CAE6,Hafod-yr-ynys Roadside,Urban Traffic,51.680579,-3.133508,temp,Modelled Temperature,2011-10-01,2023-09-15,Never,South Wales,NA_character_,Caerphilly
MAWR,Marchlyn Mawr,Rural Background,53.136152,-4.074791,O3,Ozone,1999-07-15,ongoing,2023-12-31,North Wales,NA_character_,Gwynedd
MAWR,Marchlyn Mawr,Rural Background,53.136152,-4.074791,NO,Nitric Oxide,1999-07-15,ongoing,2023-12-31,North Wales,NA_character_,Gwynedd
MAWR,Marchlyn Mawr,Rural Background,53.136152,-4.074791,NO2,Nitrogen dioxide,1999-07-15,ongoing,2023-12-31,North Wales,NA_character_,Gwynedd
MAWR,Marchlyn Mawr,Rural Background,53.136152,-4.074791,NOXasNO2,Nitrogen oxides as nitrogen dioxide,1999-07-15,ongoing,2023-12-31,North Wales,NA_character_,Gwynedd
MAWR,Marchlyn Mawr,Rural Background,53.136152,-4.074791,wd,Modelled Wind Direction,2010-08-01,ongoing,Never,North Wales,NA_character_,Gwynedd
MAWR,Marchlyn Mawr,Rural Background,53.136152,-4.074791,ws,Modelled Wind Speed,2010-08-01,ongoing,Never,North Wales,NA_character_,Gwynedd
MAWR,Marchlyn Mawr,Rural Background,53.136152,-4.074791,temp,Modelled Temperature,2010-08-01,ongoing,Never,North Wales,NA_character_,Gwynedd
MOLD,Mold,Suburban Background,53.162306,-3.144889,O3,Ozone,2009-12-02,2013-12-31,2013-12-31,North Wales,NA_character_,Flintshire
MOLD,Mold,Suburban Background,53.162306,-3.144889,NO,Nitric Oxide,2009-12-02,2013-12-31,2013-12-31,North Wales,NA_character_,Flintshire
MOLD,Mold,Suburban Background,53.162306,-3.144889,NO2,Nitrogen dioxide,2009-12-02,2013-12-31,2013-12-31,North Wales,NA_character_,Flintshire
MOLD,Mold,Suburban Background,53.162306,-3.144889,NOXasNO2,Nitrogen oxides as nitrogen dioxide,2009-12-02,2013-12-31,2013-12-31,North Wales,NA_character_,Flintshire
MOLD,Mold,Suburban Background,53.162306,-3.144889,wd,Modelled Wind Direction,2010-08-01,2013-12-31,Never,North Wales,NA_character_,Flintshire
MOLD,Mold,Suburban Background,53.162306,-3.144889,ws,Modelled Wind Speed,2010-08-01,2013-12-31,Never,North Wales,NA_character_,Flintshire
MOLD,Mold,Suburban Background,53.162306,-3.144889,temp,Modelled Temperature,2010-08-01,2013-12-31,Never,North Wales,NA_character_,Flintshire
MON,Monmouth,Urban Background,51.8123,-2.711119,O3,Ozone,2002-01-01,2004-08-27,2004-06-30,South Wales,NA_character_,Monmouthshire
MON,Monmouth,Urban Background,51.8123,-2.711119,NO,Nitric Oxide,2002-01-01,2004-08-27,2004-08-27,South Wales,NA_character_,Monmouthshire
MON,Monmouth,Urban Background,51.8123,-2.711119,NO2,Nitrogen dioxide,2002-01-01,2004-08-27,2004-08-27,South Wales,NA_character_,Monmouthshire
MON,Monmouth,Urban Background,51.8123,-2.711119,NOXasNO2,Nitrogen oxides as nitrogen dioxide,2002-01-01,2004-08-27,2004-08-27,South Wales,NA_character_,Monmouthshire
MON,Monmouth,Urban Background,51.8123,-2.711119,PM10,Particulates < 10um (hourly measured),2002-01-01,2004-08-27,2004-08-27,South Wales,NA_character_,Monmouthshire
CAE7,Nantgarw Road,Urban Traffic,51.57537,-3.231658,NO,Nitric Oxide,2011-10-11,ongoing,2023-12-31,South Wales,NA_character_,Caerphilly
CAE7,Nantgarw Road,Urban Traffic,51.57537,-3.231658,NO2,Nitrogen dioxide,2011-10-11,ongoing,2023-12-31,South Wales,NA_character_,Caerphilly
CAE7,Nantgarw Road,Urban Traffic,51.57537,-3.231658,NOXasNO2,Nitrogen oxides as nitrogen dioxide,2011-10-11,ongoing,2023-12-31,South Wales,NA_character_,Caerphilly
CAE7,Nantgarw Road,Urban Traffic,51.57537,-3.231658,PM10,Particulates < 10um (hourly measured),2011-09-01,2015-01-24,2015-01-24,South Wales,NA_character_,Caerphilly
CAE7,Nantgarw Road,Urban Traffic,51.57537,-3.231658,wd,Modelled Wind Direction,2011-09-01,ongoing,Never,South Wales,NA_character_,Caerphilly
CAE7,Nantgarw Road,Urban Traffic,51.57537,-3.231658,ws,Modelled Wind Speed,2011-09-01,ongoing,Never,South Wales,NA_character_,Caerphilly
CAE7,Nantgarw Road,Urban Traffic,51.57537,-3.231658,temp,Modelled Temperature,2011-09-01,ongoing,Never,South Wales,NA_character_,Caerphilly
PEMB,Narberth,Rural Background,51.782616,-4.69237,O3,Ozone,1997-01-20,ongoing,2024-03-31,South Wales,NA_character_,Pembrokeshire
PEMB,Narberth,Rural Background,51.782616,-4.69237,NO,Nitric Oxide,1997-01-20,ongoing,2024-03-31,South Wales,NA_character_,Pembrokeshire
PEMB,Narberth,Rural Background,51.782616,-4.69237,NO2,Nitrogen dioxide,1997-01-20,ongoing,2024-03-31,South Wales,NA_character_,Pembrokeshire
PEMB,Narberth,Rural Background,51.782616,-4.69237,NOXasNO2,Nitrogen oxides as nitrogen dioxide,1997-01-20,ongoing,2024-03-31,South Wales,NA_character_,Pembrokeshire
PEMB,Narberth,Rural Background,51.782616,-4.69237,SO2,Sulphur dioxide,1997-01-20,ongoing,2024-03-31,South Wales,NA_character_,Pembrokeshire
PEMB,Narberth,Rural Background,51.782616,-4.69237,PM10,Particulates < 10um (hourly measured),1997-01-20,ongoing,2024-03-31,South Wales,NA_character_,Pembrokeshire
PEMB,Narberth,Rural Background,51.782616,-4.69237,NV10,Non-volatile PM10 (Hourly measured),2009-03-16,2018-06-07,2018-06-07,South Wales,NA_character_,Pembrokeshire
PEMB,Narberth,Rural Background,51.782616,-4.69237,V10,Volatile PM10 (Hourly measured),2009-03-16,2018-06-07,2018-06-07,South Wales,NA_character_,Pembrokeshire
PEMB,Narberth,Rural Background,51.782616,-4.69237,PM2.5,Particulates < 2.5um (hourly measured),2018-06-05,ongoing,2024-03-31,South Wales,NA_character_,Pembrokeshire
PEMB,Narberth,Rural Background,51.782616,-4.69237,wd,Modelled Wind Direction,2010-08-01,ongoing,Never,South Wales,NA_character_,Pembrokeshire
PEMB,Narberth,Rural Background,51.782616,-4.69237,ws,Modelled Wind Speed,2010-08-01,ongoing,Never,South Wales,NA_character_,Pembrokeshire
PEMB,Narberth,Rural Background,51.782616,-4.69237,temp,Modelled Temperature,2010-08-01,ongoing,Never,South Wales,NA_character_,Pembrokeshire
NPT4,Newport M4 Junction 25,Urban Traffic,51.601262,-2.973273,O3,Ozone,2012-06-15,ongoing,2023-12-31,South Wales,NA_character_,Newport
NPT4,Newport M4 Junction 25,Urban Traffic,51.601262,-2.973273,NO,Nitric Oxide,2012-06-15,ongoing,2023-12-31,South Wales,NA_character_,Newport
NPT4,Newport M4 Junction 25,Urban Traffic,51.601262,-2.973273,NO2,Nitrogen dioxide,2012-06-15,ongoing,2023-12-31,South Wales,NA_character_,Newport
NPT4,Newport M4 Junction 25,Urban Traffic,51.601262,-2.973273,NOXasNO2,Nitrogen oxides as nitrogen dioxide,2012-06-15,ongoing,2023-12-31,South Wales,NA_character_,Newport
NPT4,Newport M4 Junction 25,Urban Traffic,51.601262,-2.973273,BC,Black Carbon,2012-06-15,2012-10-31,Never,South Wales,NA_character_,Newport
NPT4,Newport M4 Junction 25,Urban Traffic,51.601262,-2.973273,wd,Modelled Wind Direction,2012-06-15,ongoing,Never,South Wales,NA_character_,Newport
NPT4,Newport M4 Junction 25,Urban Traffic,51.601262,-2.973273,ws,Modelled Wind Speed,2012-06-15,ongoing,Never,South Wales,NA_character_,Newport
NPT4,Newport M4 Junction 25,Urban Traffic,51.601262,-2.973273,temp,Modelled Temperature,2012-06-15,ongoing,Never,South Wales,NA_character_,Newport
NPT2,Newport Malpas Depot,Urban Background,51.602642,-3.00388,O3,Ozone,2004-06-29,2011-10-31,2011-10-31,South Wales,NA_character_,Newport
NPT2,Newport Malpas Depot,Urban Background,51.602642,-3.00388,NO,Nitric Oxide,2003-06-01,2011-10-31,2011-10-31,South Wales,NA_character_,Newport
NPT2,Newport Malpas Depot,Urban Background,51.602642,-3.00388,NO2,Nitrogen dioxide,2003-06-01,2011-10-31,2011-10-31,South Wales,NA_character_,Newport
NPT2,Newport Malpas Depot,Urban Background,51.602642,-3.00388,NOXasNO2,Nitrogen oxides as nitrogen dioxide,2003-06-01,2011-10-31,2011-10-31,South Wales,NA_character_,Newport
NPT2,Newport Malpas Depot,Urban Background,51.602642,-3.00388,wd,Modelled Wind Direction,2010-08-01,2011-10-31,Never,South Wales,NA_character_,Newport
NPT2,Newport Malpas Depot,Urban Background,51.602642,-3.00388,ws,Modelled Wind Speed,2010-08-01,2011-10-31,Never,South Wales,NA_character_,Newport
NPT2,Newport Malpas Depot,Urban Background,51.602642,-3.00388,temp,Modelled Temperature,2010-08-01,2011-10-31,Never,South Wales,NA_character_,Newport
NPT1,Newport St Julians Comp School,Urban Background,51.601203,-2.977281,NO,Nitric Oxide,2003-01-14,ongoing,2024-03-31,South Wales,NA_character_,Newport
NPT1,Newport St Julians Comp School,Urban Background,51.601203,-2.977281,NO2,Nitrogen dioxide,2003-01-14,ongoing,2024-03-31,South Wales,NA_character_,Newport
NPT1,Newport St Julians Comp School,Urban Background,51.601203,-2.977281,NOXasNO2,Nitrogen oxides as nitrogen dioxide,2003-01-14,ongoing,2024-03-31,South Wales,NA_character_,Newport
NPT1,Newport St Julians Comp School,Urban Background,51.601203,-2.977281,PM10,Particulates < 10um (hourly measured),2003-01-14,ongoing,2024-03-31,South Wales,NA_character_,Newport
NPT1,Newport St Julians Comp School,Urban Background,51.601203,-2.977281,NV10,Non-volatile PM10 (Hourly measured),2006-09-28,2017-08-15,2017-08-15,South Wales,NA_character_,Newport
NPT1,Newport St Julians Comp School,Urban Background,51.601203,-2.977281,V10,Volatile PM10 (Hourly measured),2006-09-28,2017-08-15,2017-08-15,South Wales,NA_character_,Newport
NPT1,Newport St Julians Comp School,Urban Background,51.601203,-2.977281,PM2.5,Particulates < 2.5um (hourly measured),2008-12-12,ongoing,2024-03-31,South Wales,NA_character_,Newport
NPT1,Newport St Julians Comp School,Urban Background,51.601203,-2.977281,NV2.5,Non-volatile PM2.5 (Hourly measured),2008-12-12,2017-08-15,2017-08-15,South Wales,NA_character_,Newport
NPT1,Newport St Julians Comp School,Urban Background,51.601203,-2.977281,V2.5,Volatile PM2.5 (Hourly measured),2008-12-12,2017-08-15,2017-08-15,South Wales,NA_character_,Newport
NPT1,Newport St Julians Comp School,Urban Background,51.601203,-2.977281,wd,Modelled Wind Direction,2010-08-01,ongoing,Never,South Wales,NA_character_,Newport
NPT1,Newport St Julians Comp School,Urban Background,51.601203,-2.977281,ws,Modelled Wind Speed,2010-08-01,ongoing,Never,South Wales,NA_character_,Newport
NPT1,Newport St Julians Comp School,Urban Background,51.601203,-2.977281,temp,Modelled Temperature,2010-08-01,ongoing,Never,South Wales,NA_character_,Newport
PEM1,Pembroke Power Station,Urban Industrial,51.688254,-4.993565,O3,Ozone,2013-10-01,2015-12-31,Never,South Wales,NA_character_,Pembrokeshire
PEM1,Pembroke Power Station,Urban Industrial,51.688254,-4.993565,NO,Nitric Oxide,2013-10-01,2015-12-31,Never,South Wales,NA_character_,Pembrokeshire
PEM1,Pembroke Power Station,Urban Industrial,51.688254,-4.993565,NO2,Nitrogen dioxide,2013-10-01,2015-12-31,Never,South Wales,NA_character_,Pembrokeshire
PEM1,Pembroke Power Station,Urban Industrial,51.688254,-4.993565,NOXasNO2,Nitrogen oxides as nitrogen dioxide,2013-10-01,2015-12-31,Never,South Wales,NA_character_,Pembrokeshire
PEM1,Pembroke Power Station,Urban Industrial,51.688254,-4.993565,PM10,Particulates < 10um (hourly measured),2013-10-01,2015-12-31,Never,South Wales,NA_character_,Pembrokeshire
PD1,Pontardawe Swansea Road,Urban Traffic,51.719638,-3.853943,NO,Nitric Oxide,2012-07-13,2016-07-11,2016-07-11,South Wales,Swansea Urban Area,Neath Port Talbot
PD1,Pontardawe Swansea Road,Urban Traffic,51.719638,-3.853943,NO2,Nitrogen dioxide,2012-07-13,2016-07-11,2016-07-11,South Wales,Swansea Urban Area,Neath Port Talbot
PD1,Pontardawe Swansea Road,Urban Traffic,51.719638,-3.853943,NOXasNO2,Nitrogen oxides as nitrogen dioxide,2012-07-13,2016-07-11,2016-07-11,South Wales,Swansea Urban Area,Neath Port Talbot
PD1,Pontardawe Swansea Road,Urban Traffic,51.719638,-3.853943,wd,Modelled Wind Direction,2012-07-13,2016-07-11,Never,South Wales,Swansea Urban Area,Neath Port Talbot
PD1,Pontardawe Swansea Road,Urban Traffic,51.719638,-3.853943,ws,Modelled Wind Speed,2012-07-13,2016-07-11,Never,South Wales,Swansea Urban Area,Neath Port Talbot
PD1,Pontardawe Swansea Road,Urban Traffic,51.719638,-3.853943,temp,Modelled Temperature,2012-07-13,2016-07-11,Never,South Wales,Swansea Urban Area,Neath Port Talbot
PT,Port Talbot,Urban Background,51.5798,-3.76169,O3,Ozone,1997-01-09,2007-07-24,2007-07-23,South Wales,Swansea Urban Area,Neath Port Talbot
PT,Port Talbot,Urban Background,51.5798,-3.76169,NO,Nitric Oxide,1997-01-09,2007-07-24,2007-07-23,South Wales,Swansea Urban Area,Neath Port Talbot
PT,Port Talbot,Urban Background,51.5798,-3.76169,NO2,Nitrogen dioxide,1997-01-09,2007-07-24,2007-07-23,South Wales,Swansea Urban Area,Neath Port Talbot
PT,Port Talbot,Urban Background,51.5798,-3.76169,NOXasNO2,Nitrogen oxides as nitrogen dioxide,1997-01-09,2007-07-24,2007-07-23,South Wales,Swansea Urban Area,Neath Port Talbot
PT,Port Talbot,Urban Background,51.5798,-3.76169,SO2,Sulphur dioxide,1997-01-09,2007-07-24,2007-07-23,South Wales,Swansea Urban Area,Neath Port Talbot
PT,Port Talbot,Urban Background,51.5798,-3.76169,PM10,Particulates < 10um (hourly measured),1997-01-09,2007-07-24,2007-07-23,South Wales,Swansea Urban Area,Neath Port Talbot
PT,Port Talbot,Urban Background,51.5798,-3.76169,NV10,Non-volatile PM10 (Hourly measured),2006-02-13,2007-07-24,2007-07-23,South Wales,Swansea Urban Area,Neath Port Talbot
PT,Port Talbot,Urban Background,51.5798,-3.76169,V10,Volatile PM10 (Hourly measured),2006-02-13,2007-07-24,2007-07-23,South Wales,Swansea Urban Area,Neath Port Talbot
PT2,Port Talbot CO,Urban Background,51.579866,-3.761568,CO,Carbon Monoxide,1998-06-01,2006-12-31,2006-12-31,South Wales,Swansea Urban Area,Neath Port Talbot
PT7,Port Talbot Docks,Urban Background,51.590233,-3.786049,PM10,Particulates < 10um (hourly measured),2008-10-13,2018-06-04,2018-06-04,South Wales,Swansea Urban Area,Neath Port Talbot
PT7,Port Talbot Docks,Urban Background,51.590233,-3.786049,NV10,Non-volatile PM10 (Hourly measured),2008-10-13,2018-06-04,2018-06-04,South Wales,Swansea Urban Area,Neath Port Talbot
PT7,Port Talbot Docks,Urban Background,51.590233,-3.786049,V10,Volatile PM10 (Hourly measured),2008-10-13,2018-06-04,2018-06-04,South Wales,Swansea Urban Area,Neath Port Talbot
PT7,Port Talbot Docks,Urban Background,51.590233,-3.786049,wd,Modelled Wind Direction,2010-08-01,2018-06-04,Never,South Wales,Swansea Urban Area,Neath Port Talbot
PT7,Port Talbot Docks,Urban Background,51.590233,-3.786049,ws,Modelled Wind Speed,2010-08-01,2018-06-04,Never,South Wales,Swansea Urban Area,Neath Port Talbot
PT7,Port Talbot Docks,Urban Background,51.590233,-3.786049,temp,Modelled Temperature,2010-08-01,2018-06-04,Never,South Wales,Swansea Urban Area,Neath Port Talbot
PT6,Port Talbot Dyffryn School,Urban Background,51.572433,-3.751092,PM10,Particulates < 10um (hourly measured),2007-07-16,ongoing,2023-12-31,South Wales,Swansea Urban Area,Neath Port Talbot
PT6,Port Talbot Dyffryn School,Urban Background,51.572433,-3.751092,NV10,Non-volatile PM10 (Hourly measured),2007-07-16,2021-01-20,2021-12-31,South Wales,Swansea Urban Area,Neath Port Talbot
PT6,Port Talbot Dyffryn School,Urban Background,51.572433,-3.751092,V10,Volatile PM10 (Hourly measured),2007-07-16,2021-01-20,2021-12-31,South Wales,Swansea Urban Area,Neath Port Talbot
PT6,Port Talbot Dyffryn School,Urban Background,51.572433,-3.751092,PM2.5,Particulates < 2.5um (hourly measured),2022-05-20,ongoing,2023-12-31,South Wales,Swansea Urban Area,Neath Port Talbot
PT6,Port Talbot Dyffryn School,Urban Background,51.572433,-3.751092,wd,Modelled Wind Direction,2010-08-01,ongoing,Never,South Wales,Swansea Urban Area,Neath Port Talbot
PT6,Port Talbot Dyffryn School,Urban Background,51.572433,-3.751092,ws,Modelled Wind Speed,2010-08-01,ongoing,Never,South Wales,Swansea Urban Area,Neath Port Talbot
PT6,Port Talbot Dyffryn School,Urban Background,51.572433,-3.751092,temp,Modelled Temperature,2010-08-01,ongoing,Never,South Wales,Swansea Urban Area,Neath Port Talbot
PTLW,Port Talbot Little Warren,Urban Industrial,51.58493,-3.801069,PM10,Particulates < 10um (hourly measured),2012-01-24,ongoing,2023-12-31,South Wales,NA_character_,Neath Port Talbot
PTLW,Port Talbot Little Warren,Urban Industrial,51.58493,-3.801069,NV10,Non-volatile PM10 (Hourly measured),2012-01-24,2022-01-14,2022-01-14,South Wales,NA_character_,Neath Port Talbot
PTLW,Port Talbot Little Warren,Urban Industrial,51.58493,-3.801069,V10,Volatile PM10 (Hourly measured),2012-01-24,2022-01-14,2022-01-14,South Wales,NA_character_,Neath Port Talbot
PTLW,Port Talbot Little Warren,Urban Industrial,51.58493,-3.801069,PM2.5,Particulates < 2.5um (hourly measured),2022-05-26,ongoing,2023-12-31,South Wales,NA_character_,Neath Port Talbot
PTLW,Port Talbot Little Warren,Urban Industrial,51.58493,-3.801069,wd,Modelled Wind Direction,2012-01-24,ongoing,Never,South Wales,NA_character_,Neath Port Talbot
PTLW,Port Talbot Little Warren,Urban Industrial,51.58493,-3.801069,ws,Modelled Wind Speed,2012-01-24,ongoing,Never,South Wales,NA_character_,Neath Port Talbot
PTLW,Port Talbot Little Warren,Urban Industrial,51.58493,-3.801069,temp,Modelled Temperature,2012-01-24,ongoing,Never,South Wales,NA_character_,Neath Port Talbot
PT4,Port Talbot Margam,Urban Industrial,51.58395,-3.770822,O3,Ozone,2007-07-24,ongoing,2024-03-31,South Wales,Swansea Urban Area,Neath Port Talbot
PT4,Port Talbot Margam,Urban Industrial,51.58395,-3.770822,NO,Nitric Oxide,2007-07-24,ongoing,2024-03-31,South Wales,Swansea Urban Area,Neath Port Talbot
PT4,Port Talbot Margam,Urban Industrial,51.58395,-3.770822,NO2,Nitrogen dioxide,2007-07-24,ongoing,2024-03-31,South Wales,Swansea Urban Area,Neath Port Talbot
PT4,Port Talbot Margam,Urban Industrial,51.58395,-3.770822,NOXasNO2,Nitrogen oxides as nitrogen dioxide,2007-07-24,ongoing,2024-03-31,South Wales,Swansea Urban Area,Neath Port Talbot
PT4,Port Talbot Margam,Urban Industrial,51.58395,-3.770822,SO2,Sulphur dioxide,2007-07-24,ongoing,2024-03-31,South Wales,Swansea Urban Area,Neath Port Talbot
PT4,Port Talbot Margam,Urban Industrial,51.58395,-3.770822,CO,Carbon Monoxide,2007-07-24,ongoing,2024-03-31,South Wales,Swansea Urban Area,Neath Port Talbot
PT4,Port Talbot Margam,Urban Industrial,51.58395,-3.770822,PM10,Particulates < 10um (hourly measured),2007-07-24,ongoing,2024-03-31,South Wales,Swansea Urban Area,Neath Port Talbot
PT4,Port Talbot Margam,Urban Industrial,51.58395,-3.770822,NV10,Non-volatile PM10 (Hourly measured),2007-07-24,2021-01-08,2021-01-08,South Wales,Swansea Urban Area,Neath Port Talbot
PT4,Port Talbot Margam,Urban Industrial,51.58395,-3.770822,V10,Volatile PM10 (Hourly measured),2007-07-24,2021-01-08,2021-01-08,South Wales,Swansea Urban Area,Neath Port Talbot
PT4,Port Talbot Margam,Urban Industrial,51.58395,-3.770822,PM2.5,Particulates < 2.5um (hourly measured),2008-04-23,ongoing,2024-03-31,South Wales,Swansea Urban Area,Neath Port Talbot
PT4,Port Talbot Margam,Urban Industrial,51.58395,-3.770822,NV2.5,Non-volatile PM2.5 (Hourly measured),2008-04-23,2020-01-22,2020-01-22,South Wales,Swansea Urban Area,Neath Port Talbot
PT4,Port Talbot Margam,Urban Industrial,51.58395,-3.770822,V2.5,Volatile PM2.5 (Hourly measured),2008-04-23,2020-01-22,2020-01-22,South Wales,Swansea Urban Area,Neath Port Talbot
PT4,Port Talbot Margam,Urban Industrial,51.58395,-3.770822,GR10,PM10 Particulate matter (daily measured),2010-02-19,ongoing,2024-04-30,South Wales,Swansea Urban Area,Neath Port Talbot
PT4,Port Talbot Margam,Urban Industrial,51.58395,-3.770822,GR2.5,PM2.5 Particulate matter (daily measured),2008-01-01,2010-02-18,2010-02-18,South Wales,Swansea Urban Area,Neath Port Talbot
PT4,Port Talbot Margam,Urban Industrial,51.58395,-3.770822,wd,Modelled Wind Direction,2010-08-01,ongoing,Never,South Wales,Swansea Urban Area,Neath Port Talbot
PT4,Port Talbot Margam,Urban Industrial,51.58395,-3.770822,ws,Modelled Wind Speed,2010-08-01,ongoing,Never,South Wales,Swansea Urban Area,Neath Port Talbot
PT4,Port Talbot Margam,Urban Industrial,51.58395,-3.770822,temp,Modelled Temperature,2010-08-01,ongoing,Never,South Wales,Swansea Urban Area,Neath Port Talbot
MMF6,Port Talbot Prince Street,Urban Industrial,51.579646,-3.766567,SO2,Sulphur dioxide,2010-01-01,2012-12-31,2011-06-30,South Wales,Swansea Urban Area,Neath Port Talbot
MMF6,Port Talbot Prince Street,Urban Industrial,51.579646,-3.766567,CO,Carbon Monoxide,2010-01-01,2012-12-31,2011-06-30,South Wales,Swansea Urban Area,Neath Port Talbot
MMF6,Port Talbot Prince Street,Urban Industrial,51.579646,-3.766567,PM10,Particulates < 10um (hourly measured),2010-01-01,2013-12-31,2013-12-31,South Wales,Swansea Urban Area,Neath Port Talbot
MMF6,Port Talbot Prince Street,Urban Industrial,51.579646,-3.766567,PM2.5,Particulates < 2.5um (hourly measured),2010-01-01,2013-06-30,2011-06-30,South Wales,Swansea Urban Area,Neath Port Talbot
MMF6,Port Talbot Prince Street,Urban Industrial,51.579646,-3.766567,wd,Modelled Wind Direction,2010-08-01,2013-12-31,Never,South Wales,Swansea Urban Area,Neath Port Talbot
MMF6,Port Talbot Prince Street,Urban Industrial,51.579646,-3.766567,ws,Modelled Wind Speed,2010-08-01,2013-12-31,Never,South Wales,Swansea Urban Area,Neath Port Talbot
MMF6,Port Talbot Prince Street,Urban Industrial,51.579646,-3.766567,temp,Modelled Temperature,2010-08-01,2013-12-31,Never,South Wales,Swansea Urban Area,Neath Port Talbot
MMF6a,Port Talbot Prince Street (FDMS only),Urban Industrial,51.579665,-3.766569,PM10,Particulates < 10um (hourly measured),2012-01-01,2013-12-31,2013-12-31,South Wales,Swansea Urban Area,Neath Port Talbot
PT11,Port Talbot Prince Street 2,Urban Industrial,51.579656,-3.766465,PM10,Particulates < 10um (hourly measured),2014-03-17,ongoing,2023-12-31,South Wales,Swansea Urban Area,Neath Port Talbot
PT11,Port Talbot Prince Street 2,Urban Industrial,51.579656,-3.766465,NV10,Non-volatile PM10 (Hourly measured),2014-03-17,2022-02-21,2022-02-21,South Wales,Swansea Urban Area,Neath Port Talbot
PT11,Port Talbot Prince Street 2,Urban Industrial,51.579656,-3.766465,V10,Volatile PM10 (Hourly measured),2014-03-17,2022-02-21,2022-02-21,South Wales,Swansea Urban Area,Neath Port Talbot
PT11,Port Talbot Prince Street 2,Urban Industrial,51.579656,-3.766465,PM2.5,Particulates < 2.5um (hourly measured),2014-03-17,ongoing,2023-12-31,South Wales,Swansea Urban Area,Neath Port Talbot
PT11,Port Talbot Prince Street 2,Urban Industrial,51.579656,-3.766465,NV2.5,Non-volatile PM2.5 (Hourly measured),2014-03-17,2022-02-21,2022-02-21,South Wales,Swansea Urban Area,Neath Port Talbot
PT11,Port Talbot Prince Street 2,Urban Industrial,51.579656,-3.766465,V2.5,Volatile PM2.5 (Hourly measured),2014-03-17,2022-02-21,2022-02-21,South Wales,Swansea Urban Area,Neath Port Talbot
PT11,Port Talbot Prince Street 2,Urban Industrial,51.579656,-3.766465,wd,Modelled Wind Direction,2014-03-17,ongoing,Never,South Wales,Swansea Urban Area,Neath Port Talbot
PT11,Port Talbot Prince Street 2,Urban Industrial,51.579656,-3.766465,ws,Modelled Wind Speed,2014-03-17,ongoing,Never,South Wales,Swansea Urban Area,Neath Port Talbot
PT11,Port Talbot Prince Street 2,Urban Industrial,51.579656,-3.766465,temp,Modelled Temperature,2014-03-17,ongoing,Never,South Wales,Swansea Urban Area,Neath Port Talbot
PT8,Port Talbot Talbot Road,Urban Traffic,51.591479,-3.779197,PM10,Particulates < 10um (hourly measured),2009-01-15,2018-06-04,2018-06-04,South Wales,Swansea Urban Area,Neath Port Talbot
PT8,Port Talbot Talbot Road,Urban Traffic,51.591479,-3.779197,NV10,Non-volatile PM10 (Hourly measured),2009-01-15,2018-06-04,2018-06-04,South Wales,Swansea Urban Area,Neath Port Talbot
PT8,Port Talbot Talbot Road,Urban Traffic,51.591479,-3.779197,V10,Volatile PM10 (Hourly measured),2009-01-15,2018-06-04,2018-06-04,South Wales,Swansea Urban Area,Neath Port Talbot
PT8,Port Talbot Talbot Road,Urban Traffic,51.591479,-3.779197,wd,Modelled Wind Direction,2010-08-01,2018-06-04,Never,South Wales,Swansea Urban Area,Neath Port Talbot
PT8,Port Talbot Talbot Road,Urban Traffic,51.591479,-3.779197,ws,Modelled Wind Speed,2010-08-01,2018-06-04,Never,South Wales,Swansea Urban Area,Neath Port Talbot
PT8,Port Talbot Talbot Road,Urban Traffic,51.591479,-3.779197,temp,Modelled Temperature,2010-08-01,2018-06-04,Never,South Wales,Swansea Urban Area,Neath Port Talbot
PT10,Port Talbot Theodore Road,Urban Traffic,51.589942,-3.772005,PM10,Particulates < 10um (hourly measured),2009-04-01,2018-06-04,2018-06-04,South Wales,Swansea Urban Area,Neath Port Talbot
PT10,Port Talbot Theodore Road,Urban Traffic,51.589942,-3.772005,NV10,Non-volatile PM10 (Hourly measured),2009-04-01,2018-06-04,2018-06-04,South Wales,Swansea Urban Area,Neath Port Talbot
PT10,Port Talbot Theodore Road,Urban Traffic,51.589942,-3.772005,V10,Volatile PM10 (Hourly measured),2009-04-01,2018-06-04,2018-06-04,South Wales,Swansea Urban Area,Neath Port Talbot
PT10,Port Talbot Theodore Road,Urban Traffic,51.589942,-3.772005,wd,Modelled Wind Direction,2010-08-01,2018-06-04,Never,South Wales,Swansea Urban Area,Neath Port Talbot
PT10,Port Talbot Theodore Road,Urban Traffic,51.589942,-3.772005,ws,Modelled Wind Speed,2010-08-01,2018-06-04,Never,South Wales,Swansea Urban Area,Neath Port Talbot
PT10,Port Talbot Theodore Road,Urban Traffic,51.589942,-3.772005,temp,Modelled Temperature,2010-08-01,2018-06-04,Never,South Wales,Swansea Urban Area,Neath Port Talbot
PT9,Port Talbot Twll-yn-y-Wal Park,Urban Traffic,51.576676,-3.759005,PM10,Particulates < 10um (hourly measured),2008-12-13,ongoing,2021-03-18,South Wales,Swansea Urban Area,Neath Port Talbot
PT9,Port Talbot Twll-yn-y-Wal Park,Urban Traffic,51.576676,-3.759005,NV10,Non-volatile PM10 (Hourly measured),2008-12-13,ongoing,2021-03-18,South Wales,Swansea Urban Area,Neath Port Talbot
PT9,Port Talbot Twll-yn-y-Wal Park,Urban Traffic,51.576676,-3.759005,V10,Volatile PM10 (Hourly measured),2008-12-13,ongoing,2021-03-18,South Wales,Swansea Urban Area,Neath Port Talbot
PT9,Port Talbot Twll-yn-y-Wal Park,Urban Traffic,51.576676,-3.759005,wd,Modelled Wind Direction,2010-08-01,ongoing,Never,South Wales,Swansea Urban Area,Neath Port Talbot
PT9,Port Talbot Twll-yn-y-Wal Park,Urban Traffic,51.576676,-3.759005,ws,Modelled Wind Speed,2010-08-01,ongoing,Never,South Wales,Swansea Urban Area,Neath Port Talbot
PT9,Port Talbot Twll-yn-y-Wal Park,Urban Traffic,51.576676,-3.759005,temp,Modelled Temperature,2010-08-01,ongoing,Never,South Wales,Swansea Urban Area,Neath Port Talbot
NEWT,Powys Newtown,unknown unknown,52.510128,-3.317686,NO,Nitric Oxide,2006-11-03,2007-05-25,2007-05-25,North Wales,NA_character_,Powys
NEWT,Powys Newtown,unknown unknown,52.510128,-3.317686,NO2,Nitrogen dioxide,2006-11-03,2007-05-25,2007-05-25,North Wales,NA_character_,Powys
NEWT,Powys Newtown,unknown unknown,52.510128,-3.317686,NOXasNO2,Nitrogen oxides as nitrogen dioxide,2006-11-03,2007-05-25,2007-05-25,North Wales,NA_character_,Powys
RHD7,Rhondda Glyncoch Garth Avenue,Urban Industrial,51.61968,-3.33232,PM10,Particulates < 10um (hourly measured),2014-06-26,ongoing,2022-12-31,South Wales,NA_character_,"Rhondda, Cynon, Taff"
RHD7,Rhondda Glyncoch Garth Avenue,Urban Industrial,51.61968,-3.33232,NV10,Non-volatile PM10 (Hourly measured),2014-06-26,2023-01-28,2022-12-31,South Wales,NA_character_,"Rhondda, Cynon, Taff"
RHD7,Rhondda Glyncoch Garth Avenue,Urban Industrial,51.61968,-3.33232,V10,Volatile PM10 (Hourly measured),2014-06-26,2023-01-28,2022-12-31,South Wales,NA_character_,"Rhondda, Cynon, Taff"
RHD7,Rhondda Glyncoch Garth Avenue,Urban Industrial,51.61968,-3.33232,PM2.5,Particulates < 2.5um (hourly measured),2023-10-23,ongoing,Never,South Wales,NA_character_,"Rhondda, Cynon, Taff"
RHD7,Rhondda Glyncoch Garth Avenue,Urban Industrial,51.61968,-3.33232,wd,Modelled Wind Direction,2014-06-26,ongoing,Never,South Wales,NA_character_,"Rhondda, Cynon, Taff"
RHD7,Rhondda Glyncoch Garth Avenue,Urban Industrial,51.61968,-3.33232,ws,Modelled Wind Speed,2014-06-26,ongoing,Never,South Wales,NA_character_,"Rhondda, Cynon, Taff"
RHD7,Rhondda Glyncoch Garth Avenue,Urban Industrial,51.61968,-3.33232,temp,Modelled Temperature,2014-06-26,ongoing,Never,South Wales,NA_character_,"Rhondda, Cynon, Taff"
RHD8,Rhondda Mountain Ash,Urban Traffic,51.684393,-3.378816,NO,Nitric Oxide,2014-07-01,ongoing,2023-12-31,South Wales,NA_character_,"Rhondda, Cynon, Taff"
RHD8,Rhondda Mountain Ash,Urban Traffic,51.684393,-3.378816,NO2,Nitrogen dioxide,2014-07-01,ongoing,2023-12-31,South Wales,NA_character_,"Rhondda, Cynon, Taff"
RHD8,Rhondda Mountain Ash,Urban Traffic,51.684393,-3.378816,NOXasNO2,Nitrogen oxides as nitrogen dioxide,2014-07-01,ongoing,2023-12-31,South Wales,NA_character_,"Rhondda, Cynon, Taff"
RHD8,Rhondda Mountain Ash,Urban Traffic,51.684393,-3.378816,wd,Modelled Wind Direction,2014-07-01,ongoing,Never,South Wales,NA_character_,"Rhondda, Cynon, Taff"
RHD8,Rhondda Mountain Ash,Urban Traffic,51.684393,-3.378816,ws,Modelled Wind Speed,2014-07-01,ongoing,Never,South Wales,NA_character_,"Rhondda, Cynon, Taff"
RHD8,Rhondda Mountain Ash,Urban Traffic,51.684393,-3.378816,temp,Modelled Temperature,2014-07-01,ongoing,Never,South Wales,NA_character_,"Rhondda, Cynon, Taff"
RHD6,Rhondda Pontypridd Gelliwastad Rd,Urban Traffic,51.605074,-3.340157,NO,Nitric Oxide,2011-03-07,ongoing,2023-12-31,South Wales,NA_character_,"Rhondda, Cynon, Taff"
RHD6,Rhondda Pontypridd Gelliwastad Rd,Urban Traffic,51.605074,-3.340157,NO2,Nitrogen dioxide,2011-03-07,ongoing,2023-12-31,South Wales,NA_character_,"Rhondda, Cynon, Taff"
RHD6,Rhondda Pontypridd Gelliwastad Rd,Urban Traffic,51.605074,-3.340157,NOXasNO2,Nitrogen oxides as nitrogen dioxide,2011-03-07,ongoing,2023-12-31,South Wales,NA_character_,"Rhondda, Cynon, Taff"
RHD6,Rhondda Pontypridd Gelliwastad Rd,Urban Traffic,51.605074,-3.340157,wd,Modelled Wind Direction,2011-03-07,ongoing,Never,South Wales,NA_character_,"Rhondda, Cynon, Taff"
RHD6,Rhondda Pontypridd Gelliwastad Rd,Urban Traffic,51.605074,-3.340157,ws,Modelled Wind Speed,2011-03-07,ongoing,Never,South Wales,NA_character_,"Rhondda, Cynon, Taff"
RHD6,Rhondda Pontypridd Gelliwastad Rd,Urban Traffic,51.605074,-3.340157,temp,Modelled Temperature,2011-03-07,ongoing,Never,South Wales,NA_character_,"Rhondda, Cynon, Taff"
RHD4,Rhondda-Cynon-Taf Broadway,Urban Traffic,51.597845,-3.331923,NO,Nitric Oxide,2006-01-01,ongoing,2023-12-31,South Wales,NA_character_,"Rhondda, Cynon, Taff"
RHD4,Rhondda-Cynon-Taf Broadway,Urban Traffic,51.597845,-3.331923,NO2,Nitrogen dioxide,2006-01-01,ongoing,2023-12-31,South Wales,NA_character_,"Rhondda, Cynon, Taff"
RHD4,Rhondda-Cynon-Taf Broadway,Urban Traffic,51.597845,-3.331923,NOXasNO2,Nitrogen oxides as nitrogen dioxide,2006-01-01,ongoing,2023-12-31,South Wales,NA_character_,"Rhondda, Cynon, Taff"
RHD4,Rhondda-Cynon-Taf Broadway,Urban Traffic,51.597845,-3.331923,CO,Carbon Monoxide,2006-01-01,2006-09-30,2006-09-30,South Wales,NA_character_,"Rhondda, Cynon, Taff"
RHD4,Rhondda-Cynon-Taf Broadway,Urban Traffic,51.597845,-3.331923,PM10,Particulates < 10um (hourly measured),2006-01-01,2006-09-30,2006-09-30,South Wales,NA_character_,"Rhondda, Cynon, Taff"
RHD4,Rhondda-Cynon-Taf Broadway,Urban Traffic,51.597845,-3.331923,wd,Modelled Wind Direction,2010-08-01,ongoing,Never,South Wales,NA_character_,"Rhondda, Cynon, Taff"
RHD4,Rhondda-Cynon-Taf Broadway,Urban Traffic,51.597845,-3.331923,ws,Modelled Wind Speed,2010-08-01,ongoing,Never,South Wales,NA_character_,"Rhondda, Cynon, Taff"
RHD4,Rhondda-Cynon-Taf Broadway,Urban Traffic,51.597845,-3.331923,temp,Modelled Temperature,2010-08-01,ongoing,Never,South Wales,NA_character_,"Rhondda, Cynon, Taff"
RHD2,Rhondda-Cynon-Taf Nantgarw,Urban Traffic,51.565439,-3.256145,PM10,Particulates < 10um (hourly measured),2002-01-01,2016-07-11,2016-07-11,South Wales,NA_character_,"Rhondda, Cynon, Taff"
RHD2,Rhondda-Cynon-Taf Nantgarw,Urban Traffic,51.565439,-3.256145,wd,Modelled Wind Direction,2010-08-01,2016-07-11,Never,South Wales,NA_character_,"Rhondda, Cynon, Taff"
RHD2,Rhondda-Cynon-Taf Nantgarw,Urban Traffic,51.565439,-3.256145,ws,Modelled Wind Speed,2010-08-01,2016-07-11,Never,South Wales,NA_character_,"Rhondda, Cynon, Taff"
RHD2,Rhondda-Cynon-Taf Nantgarw,Urban Traffic,51.565439,-3.256145,temp,Modelled Temperature,2010-08-01,2016-07-11,Never,South Wales,NA_character_,"Rhondda, Cynon, Taff"
RHD1,Rhondda-Cynon-Taf Pontypridd,Urban Background,51.598389,-3.34842,O3,Ozone,2002-01-01,2005-07-12,2005-07-12,South Wales,NA_character_,"Rhondda, Cynon, Taff"
RHD1,Rhondda-Cynon-Taf Pontypridd,Urban Background,51.598389,-3.34842,CO,Carbon Monoxide,2002-01-01,2005-07-12,2005-07-12,South Wales,NA_character_,"Rhondda, Cynon, Taff"
RHD1,Rhondda-Cynon-Taf Pontypridd,Urban Background,51.598389,-3.34842,PM10,Particulates < 10um (hourly measured),2002-01-01,2005-07-12,2005-07-12,South Wales,NA_character_,"Rhondda, Cynon, Taff"
RHD5,Rhondda-Cynon-Taf Tylorstown,Urban Traffic,51.647628,-3.431957,NO,Nitric Oxide,2006-01-01,2009-04-30,2009-04-30,South Wales,NA_character_,"Rhondda, Cynon, Taff"
RHD5,Rhondda-Cynon-Taf Tylorstown,Urban Traffic,51.647628,-3.431957,NO2,Nitrogen dioxide,2006-01-01,2009-04-30,2009-04-30,South Wales,NA_character_,"Rhondda, Cynon, Taff"
RHD5,Rhondda-Cynon-Taf Tylorstown,Urban Traffic,51.647628,-3.431957,NOXasNO2,Nitrogen oxides as nitrogen dioxide,2006-01-01,2009-04-30,2009-04-30,South Wales,NA_character_,"Rhondda, Cynon, Taff"
SWAN,Swansea,Urban Traffic,51.62114,-3.943329,O3,Ozone,1994-12-01,2006-08-07,2006-08-07,South Wales,Swansea Urban Area,Swansea
SWAN,Swansea,Urban Traffic,51.62114,-3.943329,NO,Nitric Oxide,1994-12-01,2006-08-07,2006-08-07,South Wales,Swansea Urban Area,Swansea
SWAN,Swansea,Urban Traffic,51.62114,-3.943329,NO2,Nitrogen dioxide,1994-12-01,2006-08-07,2006-08-07,South Wales,Swansea Urban Area,Swansea
SWAN,Swansea,Urban Traffic,51.62114,-3.943329,NOXasNO2,Nitrogen oxides as nitrogen dioxide,1994-12-01,2006-08-07,2006-08-07,South Wales,Swansea Urban Area,Swansea
SWAN,Swansea,Urban Traffic,51.62114,-3.943329,SO2,Sulphur dioxide,1994-12-01,2006-08-07,2006-08-07,South Wales,Swansea Urban Area,Swansea
SWAN,Swansea,Urban Traffic,51.62114,-3.943329,CO,Carbon Monoxide,1994-12-01,2006-08-07,2006-08-07,South Wales,Swansea Urban Area,Swansea
SWAN,Swansea,Urban Traffic,51.62114,-3.943329,PM10,Particulates < 10um (hourly measured),1994-12-01,2006-08-07,2006-08-07,South Wales,Swansea Urban Area,Swansea
SWA9,Swansea Cwm Level Park,Urban Background,51.645733,-3.939392,O3,Ozone,2008-11-28,ongoing,2023-12-31,South Wales,Swansea Urban Area,Swansea
SWA9,Swansea Cwm Level Park,Urban Background,51.645733,-3.939392,NO,Nitric Oxide,2008-11-28,ongoing,2023-12-31,South Wales,Swansea Urban Area,Swansea
SWA9,Swansea Cwm Level Park,Urban Background,51.645733,-3.939392,NO2,Nitrogen dioxide,2008-11-28,ongoing,2023-12-31,South Wales,Swansea Urban Area,Swansea
SWA9,Swansea Cwm Level Park,Urban Background,51.645733,-3.939392,NOXasNO2,Nitrogen oxides as nitrogen dioxide,2008-11-28,ongoing,2023-12-31,South Wales,Swansea Urban Area,Swansea
SWA9,Swansea Cwm Level Park,Urban Background,51.645733,-3.939392,wd,Modelled Wind Direction,2010-08-01,ongoing,Never,South Wales,Swansea Urban Area,Swansea
SWA9,Swansea Cwm Level Park,Urban Background,51.645733,-3.939392,ws,Modelled Wind Speed,2010-08-01,ongoing,Never,South Wales,Swansea Urban Area,Swansea
SWA9,Swansea Cwm Level Park,Urban Background,51.645733,-3.939392,temp,Modelled Temperature,2010-08-01,ongoing,Never,South Wales,Swansea Urban Area,Swansea
SWA7,Swansea Hafod DOAS,Urban Traffic,51.632927,-3.93854,O3,Ozone,2004-02-01,ongoing,2016-12-31,South Wales,Swansea Urban Area,Swansea
SWA7,Swansea Hafod DOAS,Urban Traffic,51.632927,-3.93854,NO,Nitric Oxide,2004-02-01,ongoing,2016-12-31,South Wales,Swansea Urban Area,Swansea
SWA7,Swansea Hafod DOAS,Urban Traffic,51.632927,-3.93854,NO2,Nitrogen dioxide,2004-02-01,ongoing,2016-12-31,South Wales,Swansea Urban Area,Swansea
SWA7,Swansea Hafod DOAS,Urban Traffic,51.632927,-3.93854,NOXasNO2,Nitrogen oxides as nitrogen dioxide,2004-02-01,ongoing,2017-02-25,South Wales,Swansea Urban Area,Swansea
SWA7,Swansea Hafod DOAS,Urban Traffic,51.632927,-3.93854,BENZENE,Benzene,2004-02-01,ongoing,2016-12-31,South Wales,Swansea Urban Area,Swansea
SWA7,Swansea Hafod DOAS,Urban Traffic,51.632927,-3.93854,wd,Modelled Wind Direction,2010-08-01,ongoing,Never,South Wales,Swansea Urban Area,Swansea
SWA7,Swansea Hafod DOAS,Urban Traffic,51.632927,-3.93854,ws,Modelled Wind Speed,2010-08-01,ongoing,Never,South Wales,Swansea Urban Area,Swansea
SWA7,Swansea Hafod DOAS,Urban Traffic,51.632927,-3.93854,temp,Modelled Temperature,2010-08-01,ongoing,Never,South Wales,Swansea Urban Area,Swansea
SWA11,Swansea Morfa Road NOX,Urban Traffic,51.626379,-3.938637,NO,Nitric Oxide,2017-07-28,ongoing,2023-12-31,South Wales,Swansea Urban Area,Swansea
SWA11,Swansea Morfa Road NOX,Urban Traffic,51.626379,-3.938637,NO2,Nitrogen dioxide,2017-07-28,ongoing,2023-12-31,South Wales,Swansea Urban Area,Swansea
SWA11,Swansea Morfa Road NOX,Urban Traffic,51.626379,-3.938637,NOXasNO2,Nitrogen oxides as nitrogen dioxide,2017-07-28,ongoing,2023-12-31,South Wales,Swansea Urban Area,Swansea
SWA11,Swansea Morfa Road NOX,Urban Traffic,51.626379,-3.938637,wd,Modelled Wind Direction,2017-07-28,ongoing,Never,South Wales,Swansea Urban Area,Swansea
SWA11,Swansea Morfa Road NOX,Urban Traffic,51.626379,-3.938637,ws,Modelled Wind Speed,2017-07-28,ongoing,Never,South Wales,Swansea Urban Area,Swansea
SWA11,Swansea Morfa Road NOX,Urban Traffic,51.626379,-3.938637,temp,Modelled Temperature,2017-07-28,ongoing,Never,South Wales,Swansea Urban Area,Swansea
SWA4,Swansea Morfa Roadside,Urban Traffic,51.641481,-3.937329,NO,Nitric Oxide,2000-08-04,2011-05-12,2011-05-12,South Wales,NA_character_,Swansea
SWA4,Swansea Morfa Roadside,Urban Traffic,51.641481,-3.937329,NO2,Nitrogen dioxide,2000-08-04,2011-05-12,2011-05-12,South Wales,NA_character_,Swansea
SWA4,Swansea Morfa Roadside,Urban Traffic,51.641481,-3.937329,NOXasNO2,Nitrogen oxides as nitrogen dioxide,2000-08-04,2011-05-12,2011-05-12,South Wales,NA_character_,Swansea
SWA4,Swansea Morfa Roadside,Urban Traffic,51.641481,-3.937329,SO2,Sulphur dioxide,2000-08-04,2011-05-12,2010-10-22,South Wales,NA_character_,Swansea
SWA4,Swansea Morfa Roadside,Urban Traffic,51.641481,-3.937329,CO,Carbon Monoxide,2000-08-04,2011-05-12,2009-12-04,South Wales,NA_character_,Swansea
SWA4,Swansea Morfa Roadside,Urban Traffic,51.641481,-3.937329,PM10,Particulates < 10um (hourly measured),2000-08-04,2011-05-12,2011-05-12,South Wales,NA_character_,Swansea
SWA4,Swansea Morfa Roadside,Urban Traffic,51.641481,-3.937329,NV10,Non-volatile PM10 (Hourly measured),2006-10-28,2011-05-12,2011-05-12,South Wales,NA_character_,Swansea
SWA4,Swansea Morfa Roadside,Urban Traffic,51.641481,-3.937329,V10,Volatile PM10 (Hourly measured),2006-10-28,2011-05-12,2011-05-12,South Wales,NA_character_,Swansea
SWA4,Swansea Morfa Roadside,Urban Traffic,51.641481,-3.937329,wd,Modelled Wind Direction,2010-08-01,2011-05-12,Never,South Wales,NA_character_,Swansea
SWA4,Swansea Morfa Roadside,Urban Traffic,51.641481,-3.937329,ws,Modelled Wind Speed,2010-08-01,2011-05-12,Never,South Wales,NA_character_,Swansea
SWA4,Swansea Morfa Roadside,Urban Traffic,51.641481,-3.937329,temp,Modelled Temperature,2010-08-01,2011-05-12,Never,South Wales,NA_character_,Swansea
SWA5,Swansea Morriston Roadside,Urban Traffic,51.662122,-3.921301,H2S,Hydrogen Sulphide,2000-10-17,2009-01-22,2009-01-22,South Wales,Swansea Urban Area,Swansea
SWA5,Swansea Morriston Roadside,Urban Traffic,51.662122,-3.921301,O3,Ozone,2000-10-17,ongoing,2023-12-31,South Wales,Swansea Urban Area,Swansea
SWA5,Swansea Morriston Roadside,Urban Traffic,51.662122,-3.921301,NO,Nitric Oxide,2000-10-17,ongoing,2023-12-31,South Wales,Swansea Urban Area,Swansea
SWA5,Swansea Morriston Roadside,Urban Traffic,51.662122,-3.921301,NO2,Nitrogen dioxide,2000-10-17,ongoing,2023-12-31,South Wales,Swansea Urban Area,Swansea
SWA5,Swansea Morriston Roadside,Urban Traffic,51.662122,-3.921301,NOXasNO2,Nitrogen oxides as nitrogen dioxide,2000-10-17,ongoing,2023-12-31,South Wales,Swansea Urban Area,Swansea
SWA5,Swansea Morriston Roadside,Urban Traffic,51.662122,-3.921301,SO2,Sulphur dioxide,2000-10-17,2010-09-23,2010-09-23,South Wales,Swansea Urban Area,Swansea
SWA5,Swansea Morriston Roadside,Urban Traffic,51.662122,-3.921301,CO,Carbon Monoxide,2000-10-17,2010-04-07,2010-04-07,South Wales,Swansea Urban Area,Swansea
SWA5,Swansea Morriston Roadside,Urban Traffic,51.662122,-3.921301,PM10,Particulates < 10um (hourly measured),2000-10-17,2015-12-17,2015-12-17,South Wales,Swansea Urban Area,Swansea
SWA5,Swansea Morriston Roadside,Urban Traffic,51.662122,-3.921301,NV10,Non-volatile PM10 (Hourly measured),2006-10-28,2015-12-17,2015-12-17,South Wales,Swansea Urban Area,Swansea
SWA5,Swansea Morriston Roadside,Urban Traffic,51.662122,-3.921301,V10,Volatile PM10 (Hourly measured),2006-10-28,2015-12-17,2015-12-17,South Wales,Swansea Urban Area,Swansea
SWA5,Swansea Morriston Roadside,Urban Traffic,51.662122,-3.921301,PM2.5,Particulates < 2.5um (hourly measured),2016-01-15,ongoing,2023-12-27,South Wales,Swansea Urban Area,Swansea
SWA5,Swansea Morriston Roadside,Urban Traffic,51.662122,-3.921301,wd,Modelled Wind Direction,2010-08-01,ongoing,Never,South Wales,Swansea Urban Area,Swansea
SWA5,Swansea Morriston Roadside,Urban Traffic,51.662122,-3.921301,ws,Modelled Wind Speed,2010-08-01,ongoing,Never,South Wales,Swansea Urban Area,Swansea
SWA5,Swansea Morriston Roadside,Urban Traffic,51.662122,-3.921301,temp,Modelled Temperature,2010-08-01,ongoing,Never,South Wales,Swansea Urban Area,Swansea
SWA12,Swansea Port Tennant Roadside,Urban Traffic,51.621638,-3.927318,NO,Nitric Oxide,2018-12-20,ongoing,2023-12-31,South Wales,Swansea Urban Area,Swansea
SWA12,Swansea Port Tennant Roadside,Urban Traffic,51.621638,-3.927318,NO2,Nitrogen dioxide,2018-12-20,ongoing,2023-12-31,South Wales,Swansea Urban Area,Swansea
SWA12,Swansea Port Tennant Roadside,Urban Traffic,51.621638,-3.927318,NOXasNO2,Nitrogen oxides as nitrogen dioxide,2018-12-20,ongoing,2023-12-31,South Wales,Swansea Urban Area,Swansea
SWA12,Swansea Port Tennant Roadside,Urban Traffic,51.621638,-3.927318,PM2.5,Particulates < 2.5um (hourly measured),2018-12-20,ongoing,2023-12-31,South Wales,Swansea Urban Area,Swansea
SWA12,Swansea Port Tennant Roadside,Urban Traffic,51.621638,-3.927318,wd,Modelled Wind Direction,2018-12-20,ongoing,Never,South Wales,Swansea Urban Area,Swansea
SWA12,Swansea Port Tennant Roadside,Urban Traffic,51.621638,-3.927318,ws,Modelled Wind Speed,2018-12-20,ongoing,Never,South Wales,Swansea Urban Area,Swansea
SWA12,Swansea Port Tennant Roadside,Urban Traffic,51.621638,-3.927318,temp,Modelled Temperature,2018-12-20,ongoing,Never,South Wales,Swansea Urban Area,Swansea
SWA1,Swansea Roadside,Urban Traffic,51.632696,-3.947374,O3,Ozone,2006-09-20,2007-09-30,2007-09-30,South Wales,Swansea Urban Area,Swansea
SWA1,Swansea Roadside,Urban Traffic,51.632696,-3.947374,NO,Nitric Oxide,2006-09-20,ongoing,2024-03-31,South Wales,Swansea Urban Area,Swansea
SWA1,Swansea Roadside,Urban Traffic,51.632696,-3.947374,NO2,Nitrogen dioxide,2006-09-20,ongoing,2024-03-31,South Wales,Swansea Urban Area,Swansea
SWA1,Swansea Roadside,Urban Traffic,51.632696,-3.947374,NOXasNO2,Nitrogen oxides as nitrogen dioxide,2006-09-20,ongoing,2024-03-31,South Wales,Swansea Urban Area,Swansea
SWA1,Swansea Roadside,Urban Traffic,51.632696,-3.947374,SO2,Sulphur dioxide,2006-09-20,2007-09-30,2007-09-30,South Wales,Swansea Urban Area,Swansea
SWA1,Swansea Roadside,Urban Traffic,51.632696,-3.947374,CO,Carbon Monoxide,2006-09-20,2007-09-30,2007-09-30,South Wales,Swansea Urban Area,Swansea
SWA1,Swansea Roadside,Urban Traffic,51.632696,-3.947374,PM10,Particulates < 10um (hourly measured),2006-09-20,ongoing,2024-03-31,South Wales,Swansea Urban Area,Swansea
SWA1,Swansea Roadside,Urban Traffic,51.632696,-3.947374,NV10,Non-volatile PM10 (Hourly measured),2006-09-20,2011-11-16,2011-11-16,South Wales,Swansea Urban Area,Swansea
SWA1,Swansea Roadside,Urban Traffic,51.632696,-3.947374,V10,Volatile PM10 (Hourly measured),2006-09-20,2011-11-16,2011-11-16,South Wales,Swansea Urban Area,Swansea
SWA1,Swansea Roadside,Urban Traffic,51.632696,-3.947374,PM2.5,Particulates < 2.5um (hourly measured),2006-09-20,ongoing,2024-03-31,South Wales,Swansea Urban Area,Swansea
SWA1,Swansea Roadside,Urban Traffic,51.632696,-3.947374,NV2.5,Non-volatile PM2.5 (Hourly measured),2006-09-20,2011-11-16,2011-11-16,South Wales,Swansea Urban Area,Swansea
SWA1,Swansea Roadside,Urban Traffic,51.632696,-3.947374,V2.5,Volatile PM2.5 (Hourly measured),2006-09-20,2011-11-16,2011-11-16,South Wales,Swansea Urban Area,Swansea
SWA1,Swansea Roadside,Urban Traffic,51.632696,-3.947374,wd,Modelled Wind Direction,2010-08-01,ongoing,Never,South Wales,Swansea Urban Area,Swansea
SWA1,Swansea Roadside,Urban Traffic,51.632696,-3.947374,ws,Modelled Wind Speed,2010-08-01,ongoing,Never,South Wales,Swansea Urban Area,Swansea
SWA1,Swansea Roadside,Urban Traffic,51.632696,-3.947374,temp,Modelled Temperature,2010-08-01,ongoing,Never,South Wales,Swansea Urban Area,Swansea
SWA8,Swansea St Thomas DOAS,Urban Traffic,51.625711,-3.934461,TOL,Toluene,2005-05-04,2015-02-02,2015-02-02,South Wales,NA_character_,Swansea
SWA8,Swansea St Thomas DOAS,Urban Traffic,51.625711,-3.934461,O3,Ozone,2005-05-04,ongoing,2016-12-31,South Wales,NA_character_,Swansea
SWA8,Swansea St Thomas DOAS,Urban Traffic,51.625711,-3.934461,NO2,Nitrogen dioxide,2005-05-04,ongoing,2016-12-31,South Wales,NA_character_,Swansea
SWA8,Swansea St Thomas DOAS,Urban Traffic,51.625711,-3.934461,SO2,Sulphur dioxide,2005-05-04,ongoing,2016-12-31,South Wales,NA_character_,Swansea
SWA8,Swansea St Thomas DOAS,Urban Traffic,51.625711,-3.934461,BENZENE,Benzene,2005-05-04,ongoing,2016-12-31,South Wales,NA_character_,Swansea
SWA8,Swansea St Thomas DOAS,Urban Traffic,51.625711,-3.934461,wd,Modelled Wind Direction,2010-08-01,ongoing,Never,South Wales,NA_character_,Swansea
SWA8,Swansea St Thomas DOAS,Urban Traffic,51.625711,-3.934461,ws,Modelled Wind Speed,2010-08-01,ongoing,Never,South Wales,NA_character_,Swansea
SWA8,Swansea St Thomas DOAS,Urban Traffic,51.625711,-3.934461,temp,Modelled Temperature,2010-08-01,ongoing,Never,South Wales,NA_character_,Swansea
SW10,Swansea Station Court High Street,Urban Traffic,51.625921,-3.941502,NO,Nitric Oxide,2014-07-07,ongoing,2023-12-31,South Wales,Swansea Urban Area,Swansea
SW10,Swansea Station Court High Street,Urban Traffic,51.625921,-3.941502,NO2,Nitrogen dioxide,2014-07-07,ongoing,2023-12-31,South Wales,Swansea Urban Area,Swansea
SW10,Swansea Station Court High Street,Urban Traffic,51.625921,-3.941502,NOXasNO2,Nitrogen oxides as nitrogen dioxide,2014-07-07,ongoing,2023-12-31,South Wales,Swansea Urban Area,Swansea
SW10,Swansea Station Court High Street,Urban Traffic,51.625921,-3.941502,wd,Modelled Wind Direction,2014-07-07,ongoing,Never,South Wales,Swansea Urban Area,Swansea
SW10,Swansea Station Court High Street,Urban Traffic,51.625921,-3.941502,ws,Modelled Wind Speed,2014-07-07,ongoing,Never,South Wales,Swansea Urban Area,Swansea
SW10,Swansea Station Court High Street,Urban Traffic,51.625921,-3.941502,temp,Modelled Temperature,2014-07-07,ongoing,Never,South Wales,Swansea Urban Area,Swansea
TWYN,Twynyrodyn,Urban Industrial,51.744444,-3.365833,PM10,Particulates < 10um (hourly measured),2005-01-01,2019-07-02,2016-12-20,South Wales,NA_character_,Merthyr Tydfil
TWYN,Twynyrodyn,Urban Industrial,51.744444,-3.365833,PM2.5,Particulates < 2.5um (hourly measured),2005-01-01,2019-07-02,2016-12-20,South Wales,NA_character_,Merthyr Tydfil
TWYN,Twynyrodyn,Urban Industrial,51.744444,-3.365833,wd,Modelled Wind Direction,2010-08-01,2019-07-02,Never,South Wales,NA_character_,Merthyr Tydfil
TWYN,Twynyrodyn,Urban Industrial,51.744444,-3.365833,ws,Modelled Wind Speed,2010-08-01,2019-07-02,Never,South Wales,NA_character_,Merthyr Tydfil
TWYN,Twynyrodyn,Urban Industrial,51.744444,-3.365833,temp,Modelled Temperature,2010-08-01,2019-07-02,Never,South Wales,NA_character_,Merthyr Tydfil
GLM7,V Glamorgan Dinas Powys Roadside,Urban Traffic,51.436457,-3.212149,O3,Ozone,2015-07-08,2016-02-03,2016-02-03,South Wales,Cardiff Urban Area,The Vale of Glamorgan
GLM7,V Glamorgan Dinas Powys Roadside,Urban Traffic,51.436457,-3.212149,NO,Nitric Oxide,2007-09-17,2016-02-03,2016-02-03,South Wales,Cardiff Urban Area,The Vale of Glamorgan
GLM7,V Glamorgan Dinas Powys Roadside,Urban Traffic,51.436457,-3.212149,NO2,Nitrogen dioxide,2007-09-17,2016-02-03,2016-02-03,South Wales,Cardiff Urban Area,The Vale of Glamorgan
GLM7,V Glamorgan Dinas Powys Roadside,Urban Traffic,51.436457,-3.212149,NOXasNO2,Nitrogen oxides as nitrogen dioxide,2007-09-17,2016-02-03,2016-02-03,South Wales,Cardiff Urban Area,The Vale of Glamorgan
GLM7,V Glamorgan Dinas Powys Roadside,Urban Traffic,51.436457,-3.212149,wd,Modelled Wind Direction,2010-08-01,2016-02-03,Never,South Wales,Cardiff Urban Area,The Vale of Glamorgan
GLM7,V Glamorgan Dinas Powys Roadside,Urban Traffic,51.436457,-3.212149,ws,Modelled Wind Speed,2010-08-01,2016-02-03,Never,South Wales,Cardiff Urban Area,The Vale of Glamorgan
GLM7,V Glamorgan Dinas Powys Roadside,Urban Traffic,51.436457,-3.212149,temp,Modelled Temperature,2010-08-01,2016-02-03,Never,South Wales,Cardiff Urban Area,The Vale of Glamorgan
GLM2,V Glamorgan Fonmon,Rural Background,51.397264,-3.353853,O3,Ozone,2001-07-25,2014-06-05,2014-06-05,South Wales,NA_character_,The Vale of Glamorgan
GLM2,V Glamorgan Fonmon,Rural Background,51.397264,-3.353853,NO,Nitric Oxide,2001-07-25,2014-06-05,2014-06-05,South Wales,NA_character_,The Vale of Glamorgan
GLM2,V Glamorgan Fonmon,Rural Background,51.397264,-3.353853,NO2,Nitrogen dioxide,2001-07-25,2014-06-05,2014-06-05,South Wales,NA_character_,The Vale of Glamorgan
GLM2,V Glamorgan Fonmon,Rural Background,51.397264,-3.353853,NOXasNO2,Nitrogen oxides as nitrogen dioxide,2001-07-25,2014-06-05,2014-06-05,South Wales,NA_character_,The Vale of Glamorgan
GLM2,V Glamorgan Fonmon,Rural Background,51.397264,-3.353853,SO2,Sulphur dioxide,2001-07-25,2014-06-05,2014-06-05,South Wales,NA_character_,The Vale of Glamorgan
GLM2,V Glamorgan Fonmon,Rural Background,51.397264,-3.353853,CO,Carbon Monoxide,2001-07-25,2003-03-31,2003-03-31,South Wales,NA_character_,The Vale of Glamorgan
GLM2,V Glamorgan Fonmon,Rural Background,51.397264,-3.353853,PM10,Particulates < 10um (hourly measured),2001-08-01,2014-06-05,2014-06-05,South Wales,NA_character_,The Vale of Glamorgan
GLM2,V Glamorgan Fonmon,Rural Background,51.397264,-3.353853,NV10,Non-volatile PM10 (Hourly measured),2007-09-07,2014-06-05,2014-06-05,South Wales,NA_character_,The Vale of Glamorgan
GLM2,V Glamorgan Fonmon,Rural Background,51.397264,-3.353853,V10,Volatile PM10 (Hourly measured),2007-09-07,2014-06-05,2014-06-05,South Wales,NA_character_,The Vale of Glamorgan
GLM2,V Glamorgan Fonmon,Rural Background,51.397264,-3.353853,wd,Modelled Wind Direction,2010-08-01,2014-06-05,Never,South Wales,NA_character_,The Vale of Glamorgan
GLM2,V Glamorgan Fonmon,Rural Background,51.397264,-3.353853,ws,Modelled Wind Speed,2010-08-01,2014-06-05,Never,South Wales,NA_character_,The Vale of Glamorgan
GLM2,V Glamorgan Fonmon,Rural Background,51.397264,-3.353853,temp,Modelled Temperature,2010-08-01,2014-06-05,Never,South Wales,NA_character_,The Vale of Glamorgan
GLM5,V Glamorgan Penarth,Urban Traffic,51.445303,-3.187777,O3,Ozone,2005-05-01,2012-10-09,2012-10-09,South Wales,Cardiff Urban Area,The Vale of Glamorgan
GLM5,V Glamorgan Penarth,Urban Traffic,51.445303,-3.187777,NO,Nitric Oxide,2005-05-01,2012-10-09,2012-10-09,South Wales,Cardiff Urban Area,The Vale of Glamorgan
GLM5,V Glamorgan Penarth,Urban Traffic,51.445303,-3.187777,NO2,Nitrogen dioxide,2005-05-01,2012-10-09,2012-10-09,South Wales,Cardiff Urban Area,The Vale of Glamorgan
GLM5,V Glamorgan Penarth,Urban Traffic,51.445303,-3.187777,NOXasNO2,Nitrogen oxides as nitrogen dioxide,2005-05-01,2012-10-09,2012-10-09,South Wales,Cardiff Urban Area,The Vale of Glamorgan
GLM5,V Glamorgan Penarth,Urban Traffic,51.445303,-3.187777,wd,Modelled Wind Direction,2010-08-01,2012-10-09,Never,South Wales,Cardiff Urban Area,The Vale of Glamorgan
GLM5,V Glamorgan Penarth,Urban Traffic,51.445303,-3.187777,ws,Modelled Wind Speed,2010-08-01,2012-10-09,Never,South Wales,Cardiff Urban Area,The Vale of Glamorgan
GLM5,V Glamorgan Penarth,Urban Traffic,51.445303,-3.187777,temp,Modelled Temperature,2010-08-01,2012-10-09,Never,South Wales,Cardiff Urban Area,The Vale of Glamorgan
GLM8,V Glamorgan Windsor Road Penarth,Urban Traffic,51.444567,-3.187042,O3,Ozone,2014-01-29,2021-01-04,2021-01-04,South Wales,Cardiff Urban Area,The Vale of Glamorgan
GLM8,V Glamorgan Windsor Road Penarth,Urban Traffic,51.444567,-3.187042,NO,Nitric Oxide,2014-01-29,2021-01-04,2021-01-03,South Wales,Cardiff Urban Area,The Vale of Glamorgan
GLM8,V Glamorgan Windsor Road Penarth,Urban Traffic,51.444567,-3.187042,NO2,Nitrogen dioxide,2014-01-29,2021-01-04,2021-01-03,South Wales,Cardiff Urban Area,The Vale of Glamorgan
GLM8,V Glamorgan Windsor Road Penarth,Urban Traffic,51.444567,-3.187042,NOXasNO2,Nitrogen oxides as nitrogen dioxide,2014-01-29,2021-01-04,2021-01-03,South Wales,Cardiff Urban Area,The Vale of Glamorgan
GLM8,V Glamorgan Windsor Road Penarth,Urban Traffic,51.444567,-3.187042,PM10,Particulates < 10um (hourly measured),2014-01-29,2020-12-21,2020-12-21,South Wales,Cardiff Urban Area,The Vale of Glamorgan
GLM8,V Glamorgan Windsor Road Penarth,Urban Traffic,51.444567,-3.187042,wd,Modelled Wind Direction,2014-01-29,2021-01-04,Never,South Wales,Cardiff Urban Area,The Vale of Glamorgan
GLM8,V Glamorgan Windsor Road Penarth,Urban Traffic,51.444567,-3.187042,ws,Modelled Wind Speed,2014-01-29,2021-01-04,Never,South Wales,Cardiff Urban Area,The Vale of Glamorgan
GLM8,V Glamorgan Windsor Road Penarth,Urban Traffic,51.444567,-3.187042,temp,Modelled Temperature,2014-01-29,2021-01-04,Never,South Wales,Cardiff Urban Area,The Vale of Glamorgan
WREX,Wrexham,Urban Traffic,53.042282,-3.002829,NO,Nitric Oxide,2002-03-06,ongoing,2024-03-31,North Wales,NA_character_,Wrexham
WREX,Wrexham,Urban Traffic,53.042282,-3.002829,NO2,Nitrogen dioxide,2002-03-06,ongoing,2024-03-31,North Wales,NA_character_,Wrexham
WREX,Wrexham,Urban Traffic,53.042282,-3.002829,NOXasNO2,Nitrogen oxides as nitrogen dioxide,2002-03-06,ongoing,2024-03-31,North Wales,NA_character_,Wrexham
WREX,Wrexham,Urban Traffic,53.042282,-3.002829,SO2,Sulphur dioxide,2002-03-06,ongoing,2024-03-31,North Wales,NA_character_,Wrexham
WREX,Wrexham,Urban Traffic,53.042282,-3.002829,CO,Carbon Monoxide,2002-03-06,2007-09-30,2007-09-30,North Wales,NA_character_,Wrexham
WREX,Wrexham,Urban Traffic,53.042282,-3.002829,PM10,Particulates < 10um (hourly measured),2007-03-21,ongoing,2024-03-31,North Wales,NA_character_,Wrexham
WREX,Wrexham,Urban Traffic,53.042282,-3.002829,PM2.5,Particulates < 2.5um (hourly measured),2018-10-01,ongoing,2024-03-31,North Wales,NA_character_,Wrexham
WREX,Wrexham,Urban Traffic,53.042282,-3.002829,GR10,PM10 Particulate matter (daily measured),2002-03-01,2018-09-30,2018-09-30,North Wales,NA_character_,Wrexham
WREX,Wrexham,Urban Traffic,53.042282,-3.002829,GR2.5,PM2.5 Particulate matter (daily measured),2009-12-01,2018-09-30,2018-09-30,North Wales,NA_character_,Wrexham
WREX,Wrexham,Urban Traffic,53.042282,-3.002829,wd,Modelled Wind Direction,2010-08-01,ongoing,Never,North Wales,NA_character_,Wrexham
WREX,Wrexham,Urban Traffic,53.042282,-3.002829,ws,Modelled Wind Speed,2010-08-01,ongoing,Never,North Wales,NA_character_,Wrexham
WREX,Wrexham,Urban Traffic,53.042282,-3.002829,temp,Modelled Temperature,2010-08-01,ongoing,Never,North Wales,NA_character_,Wrexham
WRX06,Wrexham Chirk,Urban Industrial,52.93742,-3.053129,VOC,Total VoC C5 and above,2020-07-22,ongoing,2023-12-31,North Wales,NA_character_,Wrexham
WRX06,Wrexham Chirk,Urban Industrial,52.93742,-3.053129,NO,Nitric Oxide,2020-07-22,ongoing,2023-12-31,North Wales,NA_character_,Wrexham
WRX06,Wrexham Chirk,Urban Industrial,52.93742,-3.053129,NO2,Nitrogen dioxide,2020-07-22,ongoing,2023-12-31,North Wales,NA_character_,Wrexham
WRX06,Wrexham Chirk,Urban Industrial,52.93742,-3.053129,NOXasNO2,Nitrogen oxides as nitrogen dioxide,2020-07-22,ongoing,2023-12-31,North Wales,NA_character_,Wrexham
WRX06,Wrexham Chirk,Urban Industrial,52.93742,-3.053129,PM10,Particulates < 10um (hourly measured),2020-07-22,ongoing,2023-12-31,North Wales,NA_character_,Wrexham
WRX06,Wrexham Chirk,Urban Industrial,52.93742,-3.053129,PM2.5,Particulates < 2.5um (hourly measured),2020-07-22,ongoing,2023-12-31,North Wales,NA_character_,Wrexham
WRX06,Wrexham Chirk,Urban Industrial,52.93742,-3.053129,wd,Modelled Wind Direction,2020-07-22,ongoing,Never,North Wales,NA_character_,Wrexham
WRX06,Wrexham Chirk,Urban Industrial,52.93742,-3.053129,ws,Modelled Wind Speed,2020-07-22,ongoing,Never,North Wales,NA_character_,Wrexham
WRX06,Wrexham Chirk,Urban Industrial,52.93742,-3.053129,temp,Modelled Temperature,2020-07-22,ongoing,Never,North Wales,NA_character_,Wrexham
WRX07,Wrexham Chirk Community Hospital,Urban Background,52.943644,-3.053116,VOC,Total VoC C5 and above,2021-11-29,ongoing,2023-12-31,North Wales,NA_character_,Wrexham
WRX07,Wrexham Chirk Community Hospital,Urban Background,52.943644,-3.053116,NO,Nitric Oxide,2021-11-29,ongoing,2023-12-31,North Wales,NA_character_,Wrexham
WRX07,Wrexham Chirk Community Hospital,Urban Background,52.943644,-3.053116,NO2,Nitrogen dioxide,2021-11-29,ongoing,2023-12-31,North Wales,NA_character_,Wrexham
WRX07,Wrexham Chirk Community Hospital,Urban Background,52.943644,-3.053116,NOXasNO2,Nitrogen oxides as nitrogen dioxide,2021-11-29,ongoing,2023-12-31,North Wales,NA_character_,Wrexham
WRX07,Wrexham Chirk Community Hospital,Urban Background,52.943644,-3.053116,PM10,Particulates < 10um (hourly measured),2021-11-29,ongoing,2023-12-31,North Wales,NA_character_,Wrexham
WRX07,Wrexham Chirk Community Hospital,Urban Background,52.943644,-3.053116,PM2.5,Particulates < 2.5um (hourly measured),2021-11-29,ongoing,2023-12-31,North Wales,NA_character_,Wrexham
WRX07,Wrexham Chirk Community Hospital,Urban Background,52.943644,-3.053116,wd,Modelled Wind Direction,2021-11-29,ongoing,Never,North Wales,NA_character_,Wrexham
WRX07,Wrexham Chirk Community Hospital,Urban Background,52.943644,-3.053116,ws,Modelled Wind Speed,2021-11-29,ongoing,Never,North Wales,NA_character_,Wrexham
WRX07,Wrexham Chirk Community Hospital,Urban Background,52.943644,-3.053116,temp,Modelled Temperature,2021-11-29,ongoing,Never,North Wales,NA_character_,Wrexham
WRX4,Wrexham Isycoed,Urban Industrial,53.048475,-2.900658,NO,Nitric Oxide,2006-01-01,2015-12-31,2015-12-31,North Wales,NA_character_,Wrexham
WRX4,Wrexham Isycoed,Urban Industrial,53.048475,-2.900658,NO2,Nitrogen dioxide,2006-01-01,2015-12-31,2015-12-31,North Wales,NA_character_,Wrexham
WRX4,Wrexham Isycoed,Urban Industrial,53.048475,-2.900658,NOXasNO2,Nitrogen oxides as nitrogen dioxide,2006-01-01,2015-12-31,2015-12-31,North Wales,NA_character_,Wrexham
WRX4,Wrexham Isycoed,Urban Industrial,53.048475,-2.900658,SO2,Sulphur dioxide,2006-01-01,2015-12-31,2015-12-31,North Wales,NA_character_,Wrexham
WRX4,Wrexham Isycoed,Urban Industrial,53.048475,-2.900658,GR10,PM10 Particulate matter (daily measured),2006-01-01,2015-12-31,2015-12-31,North Wales,NA_character_,Wrexham
WRX4,Wrexham Isycoed,Urban Industrial,53.048475,-2.900658,wd,Modelled Wind Direction,2010-08-01,2015-12-31,Never,North Wales,NA_character_,Wrexham
WRX4,Wrexham Isycoed,Urban Industrial,53.048475,-2.900658,ws,Modelled Wind Speed,2010-08-01,2015-12-31,Never,North Wales,NA_character_,Wrexham
WRX4,Wrexham Isycoed,Urban Industrial,53.048475,-2.900658,temp,Modelled Temperature,2010-08-01,2015-12-31,Never,North Wales,NA_character_,Wrexham
